[{"model": "admin.logentry", "pk": 1, "fields": {"action_time": "2023-10-19T05:52:38.062Z", "user": 1, "content_type": 8, "object_id": "3", "object_repr": "Organization 3", "action_flag": 1, "change_message": "[{\"added\": {}}]"}}, {"model": "admin.logentry", "pk": 2, "fields": {"action_time": "2023-10-19T05:52:57.061Z", "user": 1, "content_type": 8, "object_id": "4", "object_repr": "Organization 4", "action_flag": 1, "change_message": "[{\"added\": {}}]"}}, {"model": "admin.logentry", "pk": 3, "fields": {"action_time": "2023-10-19T05:54:20.092Z", "user": 1, "content_type": 8, "object_id": "5", "object_repr": "Organization 5", "action_flag": 1, "change_message": "[{\"added\": {}}]"}}, {"model": "admin.logentry", "pk": 4, "fields": {"action_time": "2023-10-19T06:00:28.827Z", "user": 1, "content_type": 10, "object_id": "1", "object_repr": "Med Gen 1", "action_flag": 1, "change_message": "[{\"added\": {}}]"}}, {"model": "admin.logentry", "pk": 5, "fields": {"action_time": "2023-10-19T06:00:36.624Z", "user": 1, "content_type": 10, "object_id": "2", "object_repr": "Med Gen 2", "action_flag": 1, "change_message": "[{\"added\": {}}]"}}, {"model": "admin.logentry", "pk": 6, "fields": {"action_time": "2023-10-19T06:00:44.711Z", "user": 1, "content_type": 10, "object_id": "3", "object_repr": "Med Gen 3", "action_flag": 1, "change_message": "[{\"added\": {}}]"}}, {"model": "admin.logentry", "pk": 7, "fields": {"action_time": "2023-10-19T06:00:51.037Z", "user": 1, "content_type": 10, "object_id": "4", "object_repr": "Med Gen 4", "action_flag": 1, "change_message": "[{\"added\": {}}]"}}, {"model": "admin.logentry", "pk": 8, "fields": {"action_time": "2023-10-19T06:01:06.879Z", "user": 1, "content_type": 10, "object_id": "5", "object_repr": "Med Gen 5", "action_flag": 1, "change_message": "[{\"added\": {}}]"}}, {"model": "admin.logentry", "pk": 9, "fields": {"action_time": "2023-10-19T06:01:19.503Z", "user": 1, "content_type": 11, "object_id": "1", "object_repr": "Med Brand 1", "action_flag": 1, "change_message": "[{\"added\": {}}]"}}, {"model": "admin.logentry", "pk": 10, "fields": {"action_time": "2023-10-19T06:01:31.975Z", "user": 1, "content_type": 11, "object_id": "2", "object_repr": "Med Brand 2", "action_flag": 1, "change_message": "[{\"added\": {}}]"}}, {"model": "admin.logentry", "pk": 11, "fields": {"action_time": "2023-10-19T06:01:49.137Z", "user": 1, "content_type": 11, "object_id": "3", "object_repr": "Med Brand 3", "action_flag": 1, "change_message": "[{\"added\": {}}]"}}, {"model": "admin.logentry", "pk": 12, "fields": {"action_time": "2023-10-19T06:01:59.609Z", "user": 1, "content_type": 11, "object_id": "4", "object_repr": "Med Brand 4", "action_flag": 1, "change_message": "[{\"added\": {}}]"}}, {"model": "admin.logentry", "pk": 13, "fields": {"action_time": "2023-10-19T06:02:13.753Z", "user": 1, "content_type": 11, "object_id": "5", "object_repr": "Med Brand 5", "action_flag": 1, "change_message": "[{\"added\": {}}]"}}, {"model": "admin.logentry", "pk": 14, "fields": {"action_time": "2023-10-19T06:02:30.569Z", "user": 1, "content_type": 11, "object_id": "6", "object_repr": "Med Brand 6", "action_flag": 1, "change_message": "[{\"added\": {}}]"}}, {"model": "admin.logentry", "pk": 15, "fields": {"action_time": "2023-10-19T06:02:45.890Z", "user": 1, "content_type": 12, "object_id": "1", "object_repr": "Med Brand 1 | T", "action_flag": 1, "change_message": "[{\"added\": {}}]"}}, {"model": "admin.logentry", "pk": 16, "fields": {"action_time": "2023-10-19T06:03:00.827Z", "user": 1, "content_type": 12, "object_id": "2", "object_repr": "Med Brand 1 | S", "action_flag": 1, "change_message": "[{\"added\": {}}]"}}, {"model": "admin.logentry", "pk": 17, "fields": {"action_time": "2023-10-19T08:22:46.981Z", "user": 1, "content_type": 9, "object_id": "3", "object_repr": "superuser | superuser@example.com(P) @ Organization 1", "action_flag": 1, "change_message": "[{\"added\": {}}]"}}, {"model": "admin.logentry", "pk": 18, "fields": {"action_time": "2023-10-19T08:23:42.745Z", "user": 1, "content_type": 9, "object_id": "4", "object_repr": "superuser | superuser@example.com(P) @ Organization 3", "action_flag": 1, "change_message": "[{\"added\": {}}]"}}, {"model": "admin.logentry", "pk": 19, "fields": {"action_time": "2023-10-19T09:19:54.637Z", "user": 1, "content_type": 9, "object_id": "5", "object_repr": "user_001 | user1@example.com(D) @ Organization 3", "action_flag": 1, "change_message": "[{\"added\": {}}]"}}, {"model": "admin.logentry", "pk": 20, "fields": {"action_time": "2023-10-19T10:03:44.755Z", "user": 1, "content_type": 18, "object_id": "2", "object_repr": "user_001 | user1@example.com to Organization 3 at 2023-10-19 10:03:44.754553+00:00", "action_flag": 1, "change_message": "[{\"added\": {}}]"}}, {"model": "admin.logentry", "pk": 21, "fields": {"action_time": "2023-10-19T10:38:25.841Z", "user": 1, "content_type": 9, "object_id": "6", "object_repr": "user_002 | user2@example.com(S) @ Organization 3", "action_flag": 1, "change_message": "[{\"added\": {}}]"}}, {"model": "admin.logentry", "pk": 22, "fields": {"action_time": "2023-10-20T03:59:00.158Z", "user": 1, "content_type": 17, "object_id": "1", "object_repr": "superuser | superuser@example.com to Organization 3 at 2023-10-20 03:59:00.155526+00:00", "action_flag": 1, "change_message": "[{\"added\": {}}]"}}, {"model": "admin.logentry", "pk": 23, "fields": {"action_time": "2023-10-20T03:59:13.494Z", "user": 1, "content_type": 17, "object_id": "2", "object_repr": "Organization 3 to superuser | superuser@example.com at 2023-10-20 03:59:13.493263+00:00", "action_flag": 1, "change_message": "[{\"added\": {}}]"}}, {"model": "admin.logentry", "pk": 24, "fields": {"action_time": "2023-10-21T11:47:00.135Z", "user": 1, "content_type": 9, "object_id": "8", "object_repr": "superuser | superuser@example.com(S) @ Organization 2", "action_flag": 3, "change_message": ""}}, {"model": "admin.logentry", "pk": 25, "fields": {"action_time": "2023-10-21T11:50:28.221Z", "user": 1, "content_type": 9, "object_id": "9", "object_repr": "superuser | superuser@example.com(S) @ Organization 2", "action_flag": 3, "change_message": ""}}, {"model": "admin.logentry", "pk": 26, "fields": {"action_time": "2023-10-22T03:12:12.550Z", "user": 1, "content_type": 7, "object_id": "9", "object_repr": "gsggsdsfsefgs, Afghanistan | , ", "action_flag": 3, "change_message": ""}}, {"model": "admin.logentry", "pk": 27, "fields": {"action_time": "2023-10-22T03:12:20.526Z", "user": 1, "content_type": 7, "object_id": "8", "object_repr": "Dhaka, Bangladesh | , ", "action_flag": 3, "change_message": ""}}, {"model": "admin.logentry", "pk": 28, "fields": {"action_time": "2023-10-22T03:20:44.390Z", "user": 1, "content_type": 7, "object_id": "10", "object_repr": "Dhaka, Bangladesh | , ", "action_flag": 3, "change_message": ""}}, {"model": "admin.logentry", "pk": 29, "fields": {"action_time": "2023-10-22T03:26:12.161Z", "user": 1, "content_type": 7, "object_id": "12", "object_repr": "D, Bangladesh | , ", "action_flag": 3, "change_message": ""}}, {"model": "admin.logentry", "pk": 30, "fields": {"action_time": "2023-10-22T03:26:12.168Z", "user": 1, "content_type": 7, "object_id": "11", "object_repr": "Dhaka, Bangladesh | , ", "action_flag": 3, "change_message": ""}}, {"model": "admin.logentry", "pk": 31, "fields": {"action_time": "2023-10-22T03:45:14.427Z", "user": 1, "content_type": 7, "object_id": "13", "object_repr": "D, Bangladesh | , ", "action_flag": 3, "change_message": ""}}, {"model": "admin.logentry", "pk": 32, "fields": {"action_time": "2023-10-22T07:38:06.391Z", "user": 1, "content_type": 7, "object_id": "14", "object_repr": "Chattogram, Bangladesh | Line 1, Line 2", "action_flag": 3, "change_message": ""}}, {"model": "admin.logentry", "pk": 33, "fields": {"action_time": "2023-10-23T06:24:18.811Z", "user": 1, "content_type": 17, "object_id": "5", "object_repr": "user_001 | user1@example.com to Organization 1 at 2023-10-23 06:24:18.810478+00:00", "action_flag": 1, "change_message": "[{\"added\": {}}]"}}, {"model": "admin.logentry", "pk": 34, "fields": {"action_time": "2023-10-23T06:24:39.239Z", "user": 1, "content_type": 17, "object_id": "6", "object_repr": "user_002 | user2@example.com to Organization 1 at 2023-10-23 06:24:39.238990+00:00", "action_flag": 1, "change_message": "[{\"added\": {}}]"}}, {"model": "admin.logentry", "pk": 35, "fields": {"action_time": "2023-10-23T06:26:17.201Z", "user": 1, "content_type": 9, "object_id": "14", "object_repr": "user_002 | user2@example.com(P) @ Organization 1", "action_flag": 2, "change_message": "[{\"changed\": {\"fields\": [\"User's role\"]}}]"}}, {"model": "admin.logentry", "pk": 36, "fields": {"action_time": "2023-10-23T06:28:18.793Z", "user": 1, "content_type": 9, "object_id": "14", "object_repr": "user_002 | user2@example.com(D) @ Organization 1", "action_flag": 2, "change_message": "[{\"changed\": {\"fields\": [\"User's role\"]}}]"}}, {"model": "admin.logentry", "pk": 37, "fields": {"action_time": "2023-10-23T06:36:22.611Z", "user": 1, "content_type": 9, "object_id": "14", "object_repr": "user_002 | user2@example.com(P) @ Organization 1", "action_flag": 2, "change_message": "[{\"changed\": {\"fields\": [\"User's role\"]}}]"}}, {"model": "admin.logentry", "pk": 38, "fields": {"action_time": "2023-10-23T06:36:31.995Z", "user": 1, "content_type": 9, "object_id": "15", "object_repr": "user_003 | user3@example.com(P) @ Organization 1", "action_flag": 1, "change_message": "[{\"added\": {}}]"}}, {"model": "admin.logentry", "pk": 39, "fields": {"action_time": "2023-10-23T09:47:35.049Z", "user": 1, "content_type": 9, "object_id": "16", "object_repr": "user_002 | user2@example.com(P) @ Organization 2", "action_flag": 1, "change_message": "[{\"added\": {}}]"}}, {"model": "admin.logentry", "pk": 40, "fields": {"action_time": "2023-10-23T09:47:42.727Z", "user": 1, "content_type": 9, "object_id": "17", "object_repr": "user_003 | user3@example.com(P) @ Organization 2", "action_flag": 1, "change_message": "[{\"added\": {}}]"}}, {"model": "admin.logentry", "pk": 41, "fields": {"action_time": "2023-10-23T12:06:03.637Z", "user": 1, "content_type": 9, "object_id": "18", "object_repr": "user_007 | user7@example.com(D) @ Organization 1", "action_flag": 1, "change_message": "[{\"added\": {}}]"}}, {"model": "admin.logentry", "pk": 42, "fields": {"action_time": "2023-10-23T12:06:44.601Z", "user": 1, "content_type": 9, "object_id": "18", "object_repr": "user_007 | user7@example.com(D) @ Organization 2", "action_flag": 2, "change_message": "[{\"changed\": {\"fields\": [\"Organization\"]}}]"}}, {"model": "admin.logentry", "pk": 43, "fields": {"action_time": "2023-10-23T12:07:47.127Z", "user": 1, "content_type": 9, "object_id": "17", "object_repr": "user_003 | user3@example.com(D) @ Organization 2", "action_flag": 2, "change_message": "[{\"changed\": {\"fields\": [\"User's role\"]}}]"}}, {"model": "admin.logentry", "pk": 44, "fields": {"action_time": "2023-10-26T04:48:45.221Z", "user": 1, "content_type": 9, "object_id": "21", "object_repr": "user_001 | user1@example.com(D) @ Org Photo", "action_flag": 1, "change_message": "[{\"added\": {}}]"}}, {"model": "admin.logentry", "pk": 45, "fields": {"action_time": "2023-10-26T04:48:54.110Z", "user": 1, "content_type": 9, "object_id": "22", "object_repr": "superuser | superuser@example.com(P) @ Org Photo", "action_flag": 1, "change_message": "[{\"added\": {}}]"}}, {"model": "admin.logentry", "pk": 46, "fields": {"action_time": "2023-10-26T04:49:07.947Z", "user": 1, "content_type": 9, "object_id": "23", "object_repr": "userhasphoto | user@photo.com(O) @ Org Photo", "action_flag": 1, "change_message": "[{\"added\": {}}]"}}, {"model": "admin.logentry", "pk": 47, "fields": {"action_time": "2023-10-26T04:54:27.116Z", "user": 1, "content_type": 11, "object_id": "13", "object_repr": "Med Photo 1", "action_flag": 1, "change_message": "[{\"added\": {}}]"}}, {"model": "admin.logentry", "pk": 48, "fields": {"action_time": "2023-10-26T04:54:36.530Z", "user": 1, "content_type": 11, "object_id": "14", "object_repr": "Med Photo 2", "action_flag": 1, "change_message": "[{\"added\": {}}]"}}, {"model": "admin.logentry", "pk": 49, "fields": {"action_time": "2023-10-26T06:05:28.618Z", "user": 1, "content_type": 9, "object_id": "24", "object_repr": "superuser | superuser@example.com(P) @ Organization User 100", "action_flag": 1, "change_message": "[{\"added\": {}}]"}}, {"model": "admin.logentry", "pk": 50, "fields": {"action_time": "2023-10-26T06:05:39.021Z", "user": 1, "content_type": 9, "object_id": "25", "object_repr": "user_001 | user1@example.com(O) @ Organization User 100", "action_flag": 1, "change_message": "[{\"added\": {}}]"}}, {"model": "admin.logentry", "pk": 51, "fields": {"action_time": "2023-10-26T06:06:24.416Z", "user": 1, "content_type": 9, "object_id": "26", "object_repr": "user_100 | user100@example.com(D) @ Organization User 100", "action_flag": 1, "change_message": "[{\"added\": {}}]"}}, {"model": "admin.logentry", "pk": 52, "fields": {"action_time": "2023-10-26T06:06:40.806Z", "user": 1, "content_type": 9, "object_id": "27", "object_repr": "user_003 | user3@example.com(P) @ Organization User 100", "action_flag": 1, "change_message": "[{\"added\": {}}]"}}, {"model": "admin.logentry", "pk": 53, "fields": {"action_time": "2023-10-26T12:13:40.264Z", "user": 1, "content_type": 9, "object_id": "10", "object_repr": "superuser | superuser@example.com(P) @ Organization 2", "action_flag": 2, "change_message": "[{\"changed\": {\"fields\": [\"User's role\"]}}]"}}, {"model": "auth.permission", "pk": 1, "fields": {"name": "Can add log entry", "content_type": 1, "codename": "add_logentry"}}, {"model": "auth.permission", "pk": 2, "fields": {"name": "Can change log entry", "content_type": 1, "codename": "change_logentry"}}, {"model": "auth.permission", "pk": 3, "fields": {"name": "Can delete log entry", "content_type": 1, "codename": "delete_logentry"}}, {"model": "auth.permission", "pk": 4, "fields": {"name": "Can view log entry", "content_type": 1, "codename": "view_logentry"}}, {"model": "auth.permission", "pk": 5, "fields": {"name": "Can add permission", "content_type": 2, "codename": "add_permission"}}, {"model": "auth.permission", "pk": 6, "fields": {"name": "Can change permission", "content_type": 2, "codename": "change_permission"}}, {"model": "auth.permission", "pk": 7, "fields": {"name": "Can delete permission", "content_type": 2, "codename": "delete_permission"}}, {"model": "auth.permission", "pk": 8, "fields": {"name": "Can view permission", "content_type": 2, "codename": "view_permission"}}, {"model": "auth.permission", "pk": 9, "fields": {"name": "Can add group", "content_type": 3, "codename": "add_group"}}, {"model": "auth.permission", "pk": 10, "fields": {"name": "Can change group", "content_type": 3, "codename": "change_group"}}, {"model": "auth.permission", "pk": 11, "fields": {"name": "Can delete group", "content_type": 3, "codename": "delete_group"}}, {"model": "auth.permission", "pk": 12, "fields": {"name": "Can view group", "content_type": 3, "codename": "view_group"}}, {"model": "auth.permission", "pk": 13, "fields": {"name": "Can add content type", "content_type": 4, "codename": "add_contenttype"}}, {"model": "auth.permission", "pk": 14, "fields": {"name": "Can change content type", "content_type": 4, "codename": "change_contenttype"}}, {"model": "auth.permission", "pk": 15, "fields": {"name": "Can delete content type", "content_type": 4, "codename": "delete_contenttype"}}, {"model": "auth.permission", "pk": 16, "fields": {"name": "Can view content type", "content_type": 4, "codename": "view_contenttype"}}, {"model": "auth.permission", "pk": 17, "fields": {"name": "Can add session", "content_type": 5, "codename": "add_session"}}, {"model": "auth.permission", "pk": 18, "fields": {"name": "Can change session", "content_type": 5, "codename": "change_session"}}, {"model": "auth.permission", "pk": 19, "fields": {"name": "Can delete session", "content_type": 5, "codename": "delete_session"}}, {"model": "auth.permission", "pk": 20, "fields": {"name": "Can view session", "content_type": 5, "codename": "view_session"}}, {"model": "auth.permission", "pk": 21, "fields": {"name": "Can add user", "content_type": 6, "codename": "add_user"}}, {"model": "auth.permission", "pk": 22, "fields": {"name": "Can change user", "content_type": 6, "codename": "change_user"}}, {"model": "auth.permission", "pk": 23, "fields": {"name": "Can delete user", "content_type": 6, "codename": "delete_user"}}, {"model": "auth.permission", "pk": 24, "fields": {"name": "Can view user", "content_type": 6, "codename": "view_user"}}, {"model": "auth.permission", "pk": 25, "fields": {"name": "Can add address", "content_type": 7, "codename": "add_address"}}, {"model": "auth.permission", "pk": 26, "fields": {"name": "Can change address", "content_type": 7, "codename": "change_address"}}, {"model": "auth.permission", "pk": 27, "fields": {"name": "Can delete address", "content_type": 7, "codename": "delete_address"}}, {"model": "auth.permission", "pk": 28, "fields": {"name": "Can view address", "content_type": 7, "codename": "view_address"}}, {"model": "auth.permission", "pk": 29, "fields": {"name": "Can add organization", "content_type": 8, "codename": "add_organization"}}, {"model": "auth.permission", "pk": 30, "fields": {"name": "Can change organization", "content_type": 8, "codename": "change_organization"}}, {"model": "auth.permission", "pk": 31, "fields": {"name": "Can delete organization", "content_type": 8, "codename": "delete_organization"}}, {"model": "auth.permission", "pk": 32, "fields": {"name": "Can view organization", "content_type": 8, "codename": "view_organization"}}, {"model": "auth.permission", "pk": 33, "fields": {"name": "Can add user role", "content_type": 9, "codename": "add_organizationhasuserwithrole"}}, {"model": "auth.permission", "pk": 34, "fields": {"name": "Can change user role", "content_type": 9, "codename": "change_organizationhasuserwithrole"}}, {"model": "auth.permission", "pk": 35, "fields": {"name": "Can delete user role", "content_type": 9, "codename": "delete_organizationhasuserwithrole"}}, {"model": "auth.permission", "pk": 36, "fields": {"name": "Can view user role", "content_type": 9, "codename": "view_organizationhasuserwithrole"}}, {"model": "auth.permission", "pk": 37, "fields": {"name": "Can add medicine generic", "content_type": 10, "codename": "add_medicinegeneric"}}, {"model": "auth.permission", "pk": 38, "fields": {"name": "Can change medicine generic", "content_type": 10, "codename": "change_medicinegeneric"}}, {"model": "auth.permission", "pk": 39, "fields": {"name": "Can delete medicine generic", "content_type": 10, "codename": "delete_medicinegeneric"}}, {"model": "auth.permission", "pk": 40, "fields": {"name": "Can view medicine generic", "content_type": 10, "codename": "view_medicinegeneric"}}, {"model": "auth.permission", "pk": 41, "fields": {"name": "Can add medicine brands", "content_type": 11, "codename": "add_medicinebrand"}}, {"model": "auth.permission", "pk": 42, "fields": {"name": "Can change medicine brands", "content_type": 11, "codename": "change_medicinebrand"}}, {"model": "auth.permission", "pk": 43, "fields": {"name": "Can delete medicine brands", "content_type": 11, "codename": "delete_medicinebrand"}}, {"model": "auth.permission", "pk": 44, "fields": {"name": "Can view medicine brands", "content_type": 11, "codename": "view_medicinebrand"}}, {"model": "auth.permission", "pk": 45, "fields": {"name": "Can add dosage form", "content_type": 12, "codename": "add_medicinebrandhasdosageformwithinfo"}}, {"model": "auth.permission", "pk": 46, "fields": {"name": "Can change dosage form", "content_type": 12, "codename": "change_medicinebrandhasdosageformwithinfo"}}, {"model": "auth.permission", "pk": 47, "fields": {"name": "Can delete dosage form", "content_type": 12, "codename": "delete_medicinebrandhasdosageformwithinfo"}}, {"model": "auth.permission", "pk": 48, "fields": {"name": "Can view dosage form", "content_type": 12, "codename": "view_medicinebrandhasdosageformwithinfo"}}, {"model": "auth.permission", "pk": 49, "fields": {"name": "Can add prescription", "content_type": 13, "codename": "add_prescription"}}, {"model": "auth.permission", "pk": 50, "fields": {"name": "Can change prescription", "content_type": 13, "codename": "change_prescription"}}, {"model": "auth.permission", "pk": 51, "fields": {"name": "Can delete prescription", "content_type": 13, "codename": "delete_prescription"}}, {"model": "auth.permission", "pk": 52, "fields": {"name": "Can view prescription", "content_type": 13, "codename": "view_prescription"}}, {"model": "auth.permission", "pk": 53, "fields": {"name": "Can add prescription message", "content_type": 14, "codename": "add_prescriptionmessage"}}, {"model": "auth.permission", "pk": 54, "fields": {"name": "Can change prescription message", "content_type": 14, "codename": "change_prescriptionmessage"}}, {"model": "auth.permission", "pk": 55, "fields": {"name": "Can delete prescription message", "content_type": 14, "codename": "delete_prescriptionmessage"}}, {"model": "auth.permission", "pk": 56, "fields": {"name": "Can view prescription message", "content_type": 14, "codename": "view_prescriptionmessage"}}, {"model": "auth.permission", "pk": 57, "fields": {"name": "Can add prescribed medicine", "content_type": 15, "codename": "add_prescriptionhasmedicine"}}, {"model": "auth.permission", "pk": 58, "fields": {"name": "Can change prescribed medicine", "content_type": 15, "codename": "change_prescriptionhasmedicine"}}, {"model": "auth.permission", "pk": 59, "fields": {"name": "Can delete prescribed medicine", "content_type": 15, "codename": "delete_prescriptionhasmedicine"}}, {"model": "auth.permission", "pk": 60, "fields": {"name": "Can view prescribed medicine", "content_type": 15, "codename": "view_prescriptionhasmedicine"}}, {"model": "auth.permission", "pk": 61, "fields": {"name": "Can add prescription feedback", "content_type": 16, "codename": "add_prescriptionfeedback"}}, {"model": "auth.permission", "pk": 62, "fields": {"name": "Can change prescription feedback", "content_type": 16, "codename": "change_prescriptionfeedback"}}, {"model": "auth.permission", "pk": 63, "fields": {"name": "Can delete prescription feedback", "content_type": 16, "codename": "delete_prescriptionfeedback"}}, {"model": "auth.permission", "pk": 64, "fields": {"name": "Can view prescription feedback", "content_type": 16, "codename": "view_prescriptionfeedback"}}, {"model": "auth.permission", "pk": 65, "fields": {"name": "Can add message", "content_type": 17, "codename": "add_messagebetweenuserorganization"}}, {"model": "auth.permission", "pk": 66, "fields": {"name": "Can change message", "content_type": 17, "codename": "change_messagebetweenuserorganization"}}, {"model": "auth.permission", "pk": 67, "fields": {"name": "Can delete message", "content_type": 17, "codename": "delete_messagebetweenuserorganization"}}, {"model": "auth.permission", "pk": 68, "fields": {"name": "Can view message", "content_type": 17, "codename": "view_messagebetweenuserorganization"}}, {"model": "auth.permission", "pk": 69, "fields": {"name": "Can add user feedback", "content_type": 18, "codename": "add_feedbackfororganization"}}, {"model": "auth.permission", "pk": 70, "fields": {"name": "Can change user feedback", "content_type": 18, "codename": "change_feedbackfororganization"}}, {"model": "auth.permission", "pk": 71, "fields": {"name": "Can delete user feedback", "content_type": 18, "codename": "delete_feedbackfororganization"}}, {"model": "auth.permission", "pk": 72, "fields": {"name": "Can view user feedback", "content_type": 18, "codename": "view_feedbackfororganization"}}, {"model": "auth.permission", "pk": 73, "fields": {"name": "Can add user feedback", "content_type": 18, "codename": "add_feedbacktoorganization"}}, {"model": "auth.permission", "pk": 74, "fields": {"name": "Can change user feedback", "content_type": 18, "codename": "change_feedbacktoorganization"}}, {"model": "auth.permission", "pk": 75, "fields": {"name": "Can delete user feedback", "content_type": 18, "codename": "delete_feedbacktoorganization"}}, {"model": "auth.permission", "pk": 76, "fields": {"name": "Can view user feedback", "content_type": 18, "codename": "view_feedbacktoorganization"}}, {"model": "contenttypes.contenttype", "pk": 1, "fields": {"app_label": "admin", "model": "logentry"}}, {"model": "contenttypes.contenttype", "pk": 2, "fields": {"app_label": "auth", "model": "permission"}}, {"model": "contenttypes.contenttype", "pk": 3, "fields": {"app_label": "auth", "model": "group"}}, {"model": "contenttypes.contenttype", "pk": 4, "fields": {"app_label": "contenttypes", "model": "contenttype"}}, {"model": "contenttypes.contenttype", "pk": 5, "fields": {"app_label": "sessions", "model": "session"}}, {"model": "contenttypes.contenttype", "pk": 6, "fields": {"app_label": "accounts", "model": "user"}}, {"model": "contenttypes.contenttype", "pk": 7, "fields": {"app_label": "common", "model": "address"}}, {"model": "contenttypes.contenttype", "pk": 8, "fields": {"app_label": "organizations", "model": "organization"}}, {"model": "contenttypes.contenttype", "pk": 9, "fields": {"app_label": "organizations", "model": "organizationhasuserwithrole"}}, {"model": "contenttypes.contenttype", "pk": 10, "fields": {"app_label": "medicines", "model": "medicinegeneric"}}, {"model": "contenttypes.contenttype", "pk": 11, "fields": {"app_label": "medicines", "model": "medicinebrand"}}, {"model": "contenttypes.contenttype", "pk": 12, "fields": {"app_label": "medicines", "model": "medicinebrandhasdosageformwithinfo"}}, {"model": "contenttypes.contenttype", "pk": 13, "fields": {"app_label": "services", "model": "prescription"}}, {"model": "contenttypes.contenttype", "pk": 14, "fields": {"app_label": "services", "model": "prescriptionmessage"}}, {"model": "contenttypes.contenttype", "pk": 15, "fields": {"app_label": "services", "model": "prescriptionhasmedicine"}}, {"model": "contenttypes.contenttype", "pk": 16, "fields": {"app_label": "services", "model": "prescriptionfeedback"}}, {"model": "contenttypes.contenttype", "pk": 17, "fields": {"app_label": "services", "model": "messagebetweenuserorganization"}}, {"model": "contenttypes.contenttype", "pk": 18, "fields": {"app_label": "services", "model": "feedbacktoorganization"}}, {"model": "sessions.session", "pk": "2fspljiddt007xd840ewcljewdfsrzsf", "fields": {"session_data": ".eJxVjDsOwjAQBe_iGln2xj8o6XMGa3e9wQGUSHFSIe4OkVJA-2bmvVTGba15a7LksaiLsur0uxHyQ6YdlDtOt1nzPK3LSHpX9EGb7uciz-vh_h1UbPVbR0jJ0UA-OsYoyD6UAkKJwCYyphMTgB1w8iiFPXDoznaAzhnnyVv1_gDvjDe-:1qvsI4:_-KSPbZYGjl4dWHgtzTBoWJEWEX83FqBJkzXaAKE9Hk", "expire_date": "2023-11-09T04:48:16.839Z"}}, {"model": "sessions.session", "pk": "8vk32q0gwyv0yvyasf0e6ga2yq0zvgk1", "fields": {"session_data": ".eJxVjDsOwjAQBe_iGln2xj8o6XMGa3e9wQGUSHFSIe4OkVJA-2bmvVTGba15a7LksaiLsur0uxHyQ6YdlDtOt1nzPK3LSHpX9EGb7uciz-vh_h1UbPVbR0jJ0UA-OsYoyD6UAkKJwCYyphMTgB1w8iiFPXDoznaAzhnnyVv1_gDvjDe-:1quT0q:xWahlfmuUjqceagOzKdfGEX5cJZMk8W4K11ewyVAhcs", "expire_date": "2023-11-05T07:36:40.628Z"}}, {"model": "sessions.session", "pk": "c2aiiqgd54ffntjj5zv3u3u1vrhymkrl", "fields": {"session_data": ".eJxVjEEOwiAQRe_C2hCg0Cku3XsGMsNMpWpoUtqV8e7apAvd_vfef6mE21rS1mRJE6uzcur0uxHmh9Qd8B3rbdZ5rusykd4VfdCmrzPL83K4fwcFW_nWSNaR9cBEo2XOwaCIdxCZBu6j6bzJnQfxUczQj2AhGGIKgFYQslPvD_7LOFI:1qvt2x:xQL0iZailS7d5Xw-Hbz6Mxll6wGau6t4ZCLdGzAd8lk", "expire_date": "2023-11-09T05:36:43.471Z"}}, {"model": "sessions.session", "pk": "rykvnkc4066kuz91kypdyxzofhjrc52z", "fields": {"session_data": ".eJxVjDsOwjAQBe_iGln2xj8o6XMGa3e9wQGUSHFSIe4OkVJA-2bmvVTGba15a7LksaiLsur0uxHyQ6YdlDtOt1nzPK3LSHpX9EGb7uciz-vh_h1UbPVbR0jJ0UA-OsYoyD6UAkKJwCYyphMTgB1w8iiFPXDoznaAzhnnyVv1_gDvjDe-:1quRkQ:_-SSDABu6X9NMVxalBxCa1NrcJZqCGGPXE7lc2Fi9kc", "expire_date": "2023-11-05T06:15:38.983Z"}}, {"model": "accounts.user", "pk": 1, "fields": {"password": "pbkdf2_sha256$390000$VhQxo826jAuZDnFZCtsOJm$ZlMrQx12Q85UzpL2VrfCa9H2U7OjLDGayPIWzHVrko4=", "last_login": "2023-10-26T05:09:37.640Z", "is_superuser": true, "uuid": "277a4296-8a0e-454b-af80-8a62c661ee87", "created_at": "2023-10-19T05:24:33.438Z", "email": "superuser@example.com", "address": null, "username": "superuser", "name": "", "date_of_birth": null, "photo": "", "height_cm": -1, "weight_kg": -1, "blood_group": "U", "gender": "U", "groups": [], "user_permissions": []}}, {"model": "accounts.user", "pk": 2, "fields": {"password": "pbkdf2_sha256$390000$J51Ve7DWo8xxCcYAtL3tr0$fNYMCBvQg2kJmk9TJIaiUK+xJLZpeDavPDkc43BASkQ=", "last_login": "2023-10-26T05:36:43.461Z", "is_superuser": false, "uuid": "830b6c7d-e749-431a-b877-811614a6cdd0", "created_at": "2023-10-19T05:30:16.189Z", "email": "user1@example.com", "address": 1, "username": "user_001", "name": "User 1", "date_of_birth": "1999-01-17", "photo": "", "height_cm": 180, "weight_kg": 60, "blood_group": "A+", "gender": "M", "groups": [], "user_permissions": []}}, {"model": "accounts.user", "pk": 3, "fields": {"password": "pbkdf2_sha256$390000$60xT387h9ImSXO7nE5zWps$38+iLaf490fhOcjWG2grtvxQ8QB+gIAMAz3y9onunPE=", "last_login": "2023-10-24T07:56:42.551Z", "is_superuser": false, "uuid": "428d8a2f-6655-4dbb-b196-cc833bdab073", "created_at": "2023-10-19T05:30:56.972Z", "email": "user2@example.com", "address": 2, "username": "user_002", "name": "User 2", "date_of_birth": "1999-01-17", "photo": "", "height_cm": 180, "weight_kg": 60, "blood_group": "A+", "gender": "M", "groups": [], "user_permissions": []}}, {"model": "accounts.user", "pk": 4, "fields": {"password": "pbkdf2_sha256$390000$FCzyFNMzH0YySxMfwgdVt5$tBsyIYgstreVFvrrs6yK/yAvjIWvi4oBuwg5bVacxKA=", "last_login": "2023-10-23T12:08:13.729Z", "is_superuser": false, "uuid": "6e86af9a-227d-4f2c-a9f7-b79ffe714577", "created_at": "2023-10-19T05:31:36.444Z", "email": "user3@example.com", "address": 3, "username": "user_003", "name": "User 3", "date_of_birth": "1999-01-17", "photo": "", "height_cm": 180, "weight_kg": 60, "blood_group": "A+", "gender": "M", "groups": [], "user_permissions": []}}, {"model": "accounts.user", "pk": 5, "fields": {"password": "pbkdf2_sha256$390000$VZxQ9uPK9TTGLWR9oKCnXg$D5tDz1iTbrKpY7OnrvueHcgYq4HivdKx0oGWXLe+PmM=", "last_login": "2023-10-23T04:50:06.421Z", "is_superuser": false, "uuid": "bcdc8533-0c42-4e57-a042-c49204c1cc69", "created_at": "2023-10-19T05:32:04.349Z", "email": "user4@example.com", "address": 4, "username": "user_004", "name": "User 4", "date_of_birth": "1999-01-17", "photo": "", "height_cm": 180, "weight_kg": 60, "blood_group": "A+", "gender": "M", "groups": [], "user_permissions": []}}, {"model": "accounts.user", "pk": 6, "fields": {"password": "pbkdf2_sha256$390000$aEOe3tkpb8Ma8896BzxXBz$1h/91EqbJ3j8KmlLF5f5XifWqKr1QSZOh30CEg4xF9o=", "last_login": null, "is_superuser": false, "uuid": "346d199e-a373-40a0-968e-90e353e2d277", "created_at": "2023-10-19T05:32:33.854Z", "email": "user5@example.com", "address": 5, "username": "user_005", "name": "User 5", "date_of_birth": "1999-01-17", "photo": "", "height_cm": 180, "weight_kg": 60, "blood_group": "A+", "gender": "M", "groups": [], "user_permissions": []}}, {"model": "accounts.user", "pk": 7, "fields": {"password": "pbkdf2_sha256$390000$gcylGpVlThKuPgyPWdSZsh$EogBWsaJUIWgWtsezj5aLTWvz5XbEWdY60Ik3WRQxc4=", "last_login": null, "is_superuser": false, "uuid": "f4105423-b782-4fa1-aef3-96070ece1cef", "created_at": "2023-10-22T07:37:21.181Z", "email": "user7@example.com", "address": 15, "username": "user_007", "name": "User 6", "date_of_birth": null, "photo": "", "height_cm": 180, "weight_kg": 60, "blood_group": "A+", "gender": "M", "groups": [], "user_permissions": []}}, {"model": "accounts.user", "pk": 8, "fields": {"password": "pbkdf2_sha256$390000$rXdpjR3HeicUXZOC63feji$H2mepmr+7yFItQnYm7ACzTTb/WX9Dhp9KLHQBy+upio=", "last_login": "2023-10-25T05:35:05.635Z", "is_superuser": false, "uuid": "7f771b10-657c-456c-a2d8-24e59b97575e", "created_at": "2023-10-25T05:31:46.390Z", "email": "user@photo.com", "address": 17, "username": "userhasphoto", "name": "I Am PhotoMan", "date_of_birth": "2023-10-14", "photo": "user_photos/userhasphoto.png", "height_cm": 180, "weight_kg": 89, "blood_group": "A+", "gender": "M", "groups": [], "user_permissions": []}}, {"model": "accounts.user", "pk": 9, "fields": {"password": "pbkdf2_sha256$390000$fqmMjCoYQxgrJA3B7RfjGp$mViRBgGrz8QVbabj82MLXtGd3tyyMFYB7REyML85Z/k=", "last_login": null, "is_superuser": false, "uuid": "c32e9c1b-f2c2-4f61-a718-f1f96cefb5e1", "created_at": "2023-10-25T07:18:24.596Z", "email": "user100@example.com", "address": 18, "username": "user_100", "name": "User 100", "date_of_birth": "1999-01-17", "photo": "", "height_cm": 180, "weight_kg": 60, "blood_group": "A+", "gender": "M", "groups": [], "user_permissions": []}}, {"model": "common.address", "pk": 1, "fields": {"unit_no": "A", "street_no": "1", "line_1": "Line 1", "line_2": "Line 2", "city": "Dhaka", "region": "", "postal_code": "1212", "country": "BD"}}, {"model": "common.address", "pk": 2, "fields": {"unit_no": "B", "street_no": "2", "line_1": "Line 1", "line_2": "Line 2", "city": "Dhaka", "region": "", "postal_code": "1212", "country": "BD"}}, {"model": "common.address", "pk": 3, "fields": {"unit_no": "", "street_no": "", "line_1": "", "line_2": "", "city": "", "region": "", "postal_code": "", "country": ""}}, {"model": "common.address", "pk": 4, "fields": {"unit_no": "D", "street_no": "4", "line_1": "Line 1", "line_2": "Line 2", "city": "Dhaka", "region": "", "postal_code": "1212", "country": "BD"}}, {"model": "common.address", "pk": 5, "fields": {"unit_no": "E", "street_no": "5", "line_1": "Line 1", "line_2": "Line 2", "city": "Dhaka", "region": "", "postal_code": "1212", "country": "BD"}}, {"model": "common.address", "pk": 6, "fields": {"unit_no": "A", "street_no": "1", "line_1": "Line 1", "line_2": "Line 2", "city": "Chattogram", "region": "", "postal_code": "4216", "country": "BD"}}, {"model": "common.address", "pk": 7, "fields": {"unit_no": "B", "street_no": "2", "line_1": "Line 1", "line_2": "Line 2", "city": "Chattogram", "region": "", "postal_code": "4216", "country": "BD"}}, {"model": "common.address", "pk": 15, "fields": {"unit_no": "6A1", "street_no": "6", "line_1": "Line 1", "line_2": "Line 2", "city": "Chattogram", "region": "", "postal_code": "4216", "country": "BD"}}, {"model": "common.address", "pk": 16, "fields": {"unit_no": "", "street_no": "", "line_1": "", "line_2": "", "city": "city", "region": "", "postal_code": "1212", "country": "BD"}}, {"model": "common.address", "pk": 17, "fields": {"unit_no": "", "street_no": "", "line_1": "", "line_2": "", "city": "Dhaka", "region": "", "postal_code": "1212", "country": "BD"}}, {"model": "common.address", "pk": 18, "fields": {"unit_no": "1A", "street_no": "1", "line_1": "Line 1", "line_2": "Line 2", "city": "Dhaka", "region": "", "postal_code": "1212", "country": "BD"}}, {"model": "common.address", "pk": 19, "fields": {"unit_no": "3A7", "street_no": "5", "line_1": "Line 1", "line_2": "Line 2", "city": "Dhaka", "region": "", "postal_code": "1212", "country": "BD"}}, {"model": "common.address", "pk": 20, "fields": {"unit_no": "", "street_no": "", "line_1": "", "line_2": "", "city": "Dhaka", "region": "", "postal_code": "1212", "country": "AF"}}, {"model": "organizations.organization", "pk": 1, "fields": {"uuid": "b58049f9-ea63-4ef7-9384-65d21d28a58f", "created_at": "2023-10-19T05:34:32.552Z", "name": "Organization 1", "email": "org1@example.com", "address": 6, "information": "No information available.", "status": "A", "owner": 2}}, {"model": "organizations.organization", "pk": 2, "fields": {"uuid": "3143856f-c3b4-4d21-95f3-7d594273e341", "created_at": "2023-10-19T05:35:01.179Z", "name": "Organization 2", "email": "org2@example.com", "address": 7, "information": "No information available.", "status": "A", "owner": 2}}, {"model": "organizations.organization", "pk": 3, "fields": {"uuid": "0a90b251-dd76-425f-b2a5-e25a653798c5", "created_at": "2023-10-19T05:52:38.061Z", "name": "Organization 3", "email": "org3@example.com", "address": 1, "information": "No information available.", "status": "A", "owner": 3}}, {"model": "organizations.organization", "pk": 4, "fields": {"uuid": "7d7c3a74-4034-4a66-a4f9-776a00ebc3ff", "created_at": "2023-10-19T05:52:57.060Z", "name": "Organization 4", "email": "org4@example.com", "address": 4, "information": "No information available.", "status": "U", "owner": 3}}, {"model": "organizations.organization", "pk": 5, "fields": {"uuid": "6fd74661-5228-48f4-887a-945e570c8e15", "created_at": "2023-10-19T05:54:20.090Z", "name": "Organization 5", "email": "org5@example.com", "address": 7, "information": "No information available.", "status": "A", "owner": 4}}, {"model": "organizations.organization", "pk": 6, "fields": {"uuid": "053aa51c-2b5c-4f5b-85d3-767f9c364e07", "created_at": "2023-10-22T04:28:20.055Z", "name": "Organization 6", "email": "org6@example.com", "address": 15, "information": "No information available.", "status": "A", "owner": 1}}, {"model": "organizations.organization", "pk": 7, "fields": {"uuid": "847f7ffa-195b-4a75-a166-f2a34062cb0a", "created_at": "2023-10-25T07:45:42.883Z", "name": "Organization User 100", "email": "org100@example.com", "address": 19, "information": "This is User 100's organization.", "status": "A", "owner": 9}}, {"model": "organizations.organization", "pk": 8, "fields": {"uuid": "e35df0da-7f83-4109-82f8-e27213365101", "created_at": "2023-10-26T04:47:17.170Z", "name": "Org Photo", "email": "orgphoto@example.com", "address": 20, "information": "No information available.", "status": "A", "owner": 8}}, {"model": "organizations.organizationhasuserwithrole", "pk": 1, "fields": {"user": 2, "organization": 1, "role": "D"}}, {"model": "organizations.organizationhasuserwithrole", "pk": 2, "fields": {"user": 2, "organization": 2, "role": "D"}}, {"model": "organizations.organizationhasuserwithrole", "pk": 3, "fields": {"user": 1, "organization": 1, "role": "P"}}, {"model": "organizations.organizationhasuserwithrole", "pk": 4, "fields": {"user": 1, "organization": 3, "role": "P"}}, {"model": "organizations.organizationhasuserwithrole", "pk": 5, "fields": {"user": 2, "organization": 3, "role": "D"}}, {"model": "organizations.organizationhasuserwithrole", "pk": 6, "fields": {"user": 3, "organization": 3, "role": "S"}}, {"model": "organizations.organizationhasuserwithrole", "pk": 7, "fields": {"user": 1, "organization": 5, "role": "P"}}, {"model": "organizations.organizationhasuserwithrole", "pk": 10, "fields": {"user": 1, "organization": 2, "role": "P"}}, {"model": "organizations.organizationhasuserwithrole", "pk": 11, "fields": {"user": 2, "organization": 6, "role": "D"}}, {"model": "organizations.organizationhasuserwithrole", "pk": 12, "fields": {"user": 1, "organization": 6, "role": "S"}}, {"model": "organizations.organizationhasuserwithrole", "pk": 13, "fields": {"user": 5, "organization": 1, "role": "S"}}, {"model": "organizations.organizationhasuserwithrole", "pk": 14, "fields": {"user": 3, "organization": 1, "role": "P"}}, {"model": "organizations.organizationhasuserwithrole", "pk": 15, "fields": {"user": 4, "organization": 1, "role": "P"}}, {"model": "organizations.organizationhasuserwithrole", "pk": 16, "fields": {"user": 3, "organization": 2, "role": "P"}}, {"model": "organizations.organizationhasuserwithrole", "pk": 17, "fields": {"user": 4, "organization": 2, "role": "D"}}, {"model": "organizations.organizationhasuserwithrole", "pk": 18, "fields": {"user": 7, "organization": 2, "role": "D"}}, {"model": "organizations.organizationhasuserwithrole", "pk": 19, "fields": {"user": 9, "organization": 2, "role": "P"}}, {"model": "organizations.organizationhasuserwithrole", "pk": 20, "fields": {"user": 8, "organization": 7, "role": "D"}}, {"model": "organizations.organizationhasuserwithrole", "pk": 21, "fields": {"user": 2, "organization": 8, "role": "D"}}, {"model": "organizations.organizationhasuserwithrole", "pk": 22, "fields": {"user": 1, "organization": 8, "role": "P"}}, {"model": "organizations.organizationhasuserwithrole", "pk": 23, "fields": {"user": 8, "organization": 8, "role": "O"}}, {"model": "organizations.organizationhasuserwithrole", "pk": 24, "fields": {"user": 1, "organization": 7, "role": "P"}}, {"model": "organizations.organizationhasuserwithrole", "pk": 25, "fields": {"user": 2, "organization": 7, "role": "O"}}, {"model": "organizations.organizationhasuserwithrole", "pk": 26, "fields": {"user": 9, "organization": 7, "role": "D"}}, {"model": "organizations.organizationhasuserwithrole", "pk": 27, "fields": {"user": 4, "organization": 7, "role": "P"}}, {"model": "medicines.medicinegeneric", "pk": 1, "fields": {"name": "Med Gen 1", "slug": "med-gen-1", "pharmacology": "Not available.", "indications": "No known indications.", "interactions": "No known interactions.", "side_effects": "No known side effects."}}, {"model": "medicines.medicinegeneric", "pk": 2, "fields": {"name": "Med Gen 2", "slug": "med-gen-2", "pharmacology": "Not available.", "indications": "No known indications.", "interactions": "No known interactions.", "side_effects": "No known side effects."}}, {"model": "medicines.medicinegeneric", "pk": 3, "fields": {"name": "Med Gen 3", "slug": "med-gen-3", "pharmacology": "Not available.", "indications": "No known indications.", "interactions": "No known interactions.", "side_effects": "No known side effects."}}, {"model": "medicines.medicinegeneric", "pk": 4, "fields": {"name": "Med Gen 4", "slug": "med-gen-4", "pharmacology": "Not available.", "indications": "No known indications.", "interactions": "No known interactions.", "side_effects": "No known side effects."}}, {"model": "medicines.medicinegeneric", "pk": 5, "fields": {"name": "Med Gen 5", "slug": "med-gen-5", "pharmacology": "Not available.", "indications": "No known indications.", "interactions": "No known interactions.", "side_effects": "No known side effects."}}, {"model": "medicines.medicinebrand", "pk": 1, "fields": {"name": "Med Brand 1", "slug": "med-brand-1", "manufacturer": 1, "generic": 1}}, {"model": "medicines.medicinebrand", "pk": 2, "fields": {"name": "Med Brand 2", "slug": "med-brand-2", "manufacturer": 1, "generic": 1}}, {"model": "medicines.medicinebrand", "pk": 3, "fields": {"name": "Med Brand 3", "slug": "med-brand-3", "manufacturer": 2, "generic": 2}}, {"model": "medicines.medicinebrand", "pk": 4, "fields": {"name": "Med Brand 4", "slug": "med-brand-4", "manufacturer": 2, "generic": 1}}, {"model": "medicines.medicinebrand", "pk": 5, "fields": {"name": "Med Brand 5", "slug": "med-brand-5", "manufacturer": 3, "generic": 2}}, {"model": "medicines.medicinebrand", "pk": 6, "fields": {"name": "Med Brand 6", "slug": "med-brand-6", "manufacturer": 4, "generic": 3}}, {"model": "medicines.medicinebrand", "pk": 7, "fields": {"name": "Medicine 7", "slug": "medicine-7", "manufacturer": 1, "generic": 1}}, {"model": "medicines.medicinebrand", "pk": 8, "fields": {"name": "Medicine 8", "slug": "medicine-8", "manufacturer": 1, "generic": 1}}, {"model": "medicines.medicinebrand", "pk": 9, "fields": {"name": "Medicine 9", "slug": "medicine-9", "manufacturer": 1, "generic": 2}}, {"model": "medicines.medicinebrand", "pk": 11, "fields": {"name": "Medicine 12", "slug": "medicine-12", "manufacturer": 2, "generic": 2}}, {"model": "medicines.medicinebrand", "pk": 12, "fields": {"name": "Medicine 13", "slug": "medicine-13", "manufacturer": 2, "generic": 2}}, {"model": "medicines.medicinebrand", "pk": 13, "fields": {"name": "Med Photo 1", "slug": "med-photo-1", "manufacturer": 8, "generic": 1}}, {"model": "medicines.medicinebrand", "pk": 14, "fields": {"name": "Med Photo 2", "slug": "med-photo-2", "manufacturer": 8, "generic": 5}}, {"model": "medicines.medicinebrand", "pk": 15, "fields": {"name": "Org User 100 Med 1", "slug": "org-user-100-med-1", "manufacturer": 7, "generic": 1}}, {"model": "medicines.medicinebrand", "pk": 16, "fields": {"name": "Org User 100 Med 2", "slug": "org-user-100-med-2", "manufacturer": 7, "generic": 1}}, {"model": "medicines.medicinebrand", "pk": 17, "fields": {"name": "Medicine 14", "slug": "medicine-14", "manufacturer": 2, "generic": 2}}, {"model": "medicines.medicinebrandhasdosageformwithinfo", "pk": 3, "fields": {"brand": 8, "dosage_form": "I", "instructions": "None", "unit_price": 1000}}, {"model": "medicines.medicinebrandhasdosageformwithinfo", "pk": 4, "fields": {"brand": 9, "dosage_form": "I", "instructions": "As prescribed by the doctor.", "unit_price": 1000}}, {"model": "medicines.medicinebrandhasdosageformwithinfo", "pk": 5, "fields": {"brand": 9, "dosage_form": "T", "instructions": "As prescribed by the doctor.", "unit_price": 1000}}, {"model": "medicines.medicinebrandhasdosageformwithinfo", "pk": 10, "fields": {"brand": 11, "dosage_form": "I", "instructions": "As prescribed by the doctor.", "unit_price": 2000}}, {"model": "medicines.medicinebrandhasdosageformwithinfo", "pk": 11, "fields": {"brand": 12, "dosage_form": "I", "instructions": "As prescribed by the doctor.", "unit_price": 2000}}, {"model": "medicines.medicinebrandhasdosageformwithinfo", "pk": 12, "fields": {"brand": 15, "dosage_form": "I", "instructions": "As prescribed by the doctor.", "unit_price": -1}}, {"model": "medicines.medicinebrandhasdosageformwithinfo", "pk": 13, "fields": {"brand": 16, "dosage_form": "I", "instructions": "As prescribed by the doctor.", "unit_price": -1}}, {"model": "medicines.medicinebrandhasdosageformwithinfo", "pk": 14, "fields": {"brand": 17, "dosage_form": "I", "instructions": "As prescribed by the doctor.", "unit_price": 2000}}, {"model": "services.feedbacktoorganization", "pk": 1, "fields": {"uuid": "c3337343-ddb1-4ab1-8a82-47e895b76838", "created_at": "2023-10-19T09:00:39.828Z", "user": 1, "organization": 3, "content": "Very Good.", "rating": 5}}, {"model": "services.feedbacktoorganization", "pk": 2, "fields": {"uuid": "ce907720-253a-4d06-9b01-afc1cbf72569", "created_at": "2023-10-19T10:03:44.754Z", "user": 2, "organization": 3, "content": "Very Bad.", "rating": 1}}, {"model": "services.feedbacktoorganization", "pk": 3, "fields": {"uuid": "b2d0b1aa-5e44-48c3-b4e1-c1d1485b174e", "created_at": "2023-10-19T10:53:28.886Z", "user": 1, "organization": 3, "content": "Hi", "rating": 3}}, {"model": "services.feedbacktoorganization", "pk": 4, "fields": {"uuid": "fba994ca-de35-474e-815e-db480f86e6b6", "created_at": "2023-10-19T11:06:35.727Z", "user": 1, "organization": 3, "content": "Hello", "rating": 4}}, {"model": "services.feedbacktoorganization", "pk": 5, "fields": {"uuid": "131599cd-de46-4463-a315-d2f1f8675d79", "created_at": "2023-10-23T04:46:44.278Z", "user": 1, "organization": 1, "content": "Feedback from Superuser", "rating": 2}}, {"model": "services.feedbacktoorganization", "pk": 6, "fields": {"uuid": "c9e10eb9-a64d-4df9-9a77-6f7eeec7fb5f", "created_at": "2023-10-23T04:47:02.322Z", "user": 1, "organization": 1, "content": "2nd Feedback from Superuser", "rating": 3}}, {"model": "services.feedbacktoorganization", "pk": 7, "fields": {"uuid": "36f0356f-80b6-4558-bbf7-624acc0336da", "created_at": "2023-10-23T07:04:47.542Z", "user": 1, "organization": 1, "content": "Five Stars!", "rating": 5}}, {"model": "services.feedbacktoorganization", "pk": 8, "fields": {"uuid": "eafe1f43-cca4-4740-8368-133b343f6536", "created_at": "2023-10-26T04:50:16.141Z", "user": 1, "organization": 8, "content": "Superuser Feedback Org Photo", "rating": 3}}, {"model": "services.feedbacktoorganization", "pk": 9, "fields": {"uuid": "dc678862-f29e-47a4-98a8-f8774422fa92", "created_at": "2023-10-26T07:21:50.215Z", "user": 1, "organization": 7, "content": "Feedback from Superuser Patient to Org User 100", "rating": 3}}, {"model": "services.messagebetweenuserorganization", "pk": 1, "fields": {"uuid": "53a9b04f-48cd-41f9-8be6-ca9eb883be31", "created_at": "2023-10-20T03:59:00.155Z", "user": 1, "organization": 3, "content": "Hi", "from_user": true}}, {"model": "services.messagebetweenuserorganization", "pk": 2, "fields": {"uuid": "58ae94e0-5ac0-42a7-b7a6-981ad54448a8", "created_at": "2023-10-20T03:59:13.493Z", "user": 1, "organization": 3, "content": "How are you?", "from_user": false}}, {"model": "services.messagebetweenuserorganization", "pk": 3, "fields": {"uuid": "689185e5-eab4-4856-8afc-0c509c96d7ea", "created_at": "2023-10-20T05:51:57.129Z", "user": 1, "organization": 3, "content": "Msg from superuser to org 3", "from_user": true}}, {"model": "services.messagebetweenuserorganization", "pk": 4, "fields": {"uuid": "e7f34d41-a856-4873-853d-d79c686cdf48", "created_at": "2023-10-20T05:57:16.869Z", "user": 1, "organization": 3, "content": "Msg from org 3 doc user 1 to superuser", "from_user": false}}, {"model": "services.messagebetweenuserorganization", "pk": 5, "fields": {"uuid": "e66320b0-74c0-45ca-9fb5-56591e892d03", "created_at": "2023-10-23T06:24:18.810Z", "user": 2, "organization": 1, "content": "U1 to O1", "from_user": true}}, {"model": "services.messagebetweenuserorganization", "pk": 6, "fields": {"uuid": "d706a568-8efe-4fbd-8053-72e3524ad406", "created_at": "2023-10-23T06:24:39.238Z", "user": 3, "organization": 1, "content": "U2 to O1", "from_user": true}}, {"model": "services.messagebetweenuserorganization", "pk": 7, "fields": {"uuid": "1ecd4a41-3f8e-4275-b117-85cfe7d6765e", "created_at": "2023-10-23T06:46:21.344Z", "user": 1, "organization": 1, "content": "Org 1 User 1(D) to User", "from_user": false}}, {"model": "services.messagebetweenuserorganization", "pk": 8, "fields": {"uuid": "93491161-1b89-4461-955e-b48855e1a28f", "created_at": "2023-10-23T06:46:28.557Z", "user": 1, "organization": 1, "content": "Org 1 User 1(D) to User", "from_user": false}}, {"model": "services.messagebetweenuserorganization", "pk": 9, "fields": {"uuid": "fd56d82f-f615-4e38-93d3-eb8f1a5ced02", "created_at": "2023-10-26T04:52:42.225Z", "user": 1, "organization": 8, "content": "Hello I am a doctor User 1 from Org Photo", "from_user": false}}, {"model": "services.messagebetweenuserorganization", "pk": 10, "fields": {"uuid": "aee19bbc-2766-4b1e-b091-a675fde5d5d0", "created_at": "2023-10-26T05:36:14.922Z", "user": 1, "organization": 8, "content": "Hello I am superuser patient from Org Photo", "from_user": true}}, {"model": "services.messagebetweenuserorganization", "pk": 11, "fields": {"uuid": "d61f7a0f-7189-472b-ada7-8e761cda2842", "created_at": "2023-10-26T08:00:27.621Z", "user": 1, "organization": 7, "content": "Hello Superuser Patient to Org User 100", "from_user": true}}, {"model": "services.messagebetweenuserorganization", "pk": 12, "fields": {"uuid": "cb043403-7694-4510-b09f-f546e4d586c9", "created_at": "2023-10-26T08:02:00.387Z", "user": 1, "organization": 7, "content": "Hello from Org User 100 Doctor User 100 to Patient Superuser.", "from_user": false}}, {"model": "services.prescription", "pk": 1, "fields": {"uuid": "37249fbc-6db2-4ad6-9085-7d2b8b7746d3", "created_at": "2023-10-23T12:03:17.273Z", "organization": 2, "patient": 3, "doctor": 2, "done": false}}, {"model": "services.prescription", "pk": 2, "fields": {"uuid": "60346341-98fb-47a8-9ab5-6b4a928c33f5", "created_at": "2023-10-23T12:26:38.551Z", "organization": 2, "patient": 3, "doctor": 2, "done": false}}, {"model": "services.prescription", "pk": 3, "fields": {"uuid": "7725b47c-5996-4eee-97d3-e934a2ac475c", "created_at": "2023-10-23T23:28:24.500Z", "organization": 2, "patient": 3, "doctor": 2, "done": false}}, {"model": "services.prescription", "pk": 4, "fields": {"uuid": "12508feb-229d-4056-90b9-95f87d635024", "created_at": "2023-10-23T23:46:17.032Z", "organization": 2, "patient": 3, "doctor": 2, "done": false}}, {"model": "services.prescription", "pk": 5, "fields": {"uuid": "c696b6e6-9dd8-4523-a25d-df09e1d9eec7", "created_at": "2023-10-23T23:51:12.281Z", "organization": 2, "patient": 3, "doctor": 2, "done": false}}, {"model": "services.prescription", "pk": 6, "fields": {"uuid": "76b2f820-107f-4898-9346-6bbba4c359a5", "created_at": "2023-10-23T23:54:23.748Z", "organization": 2, "patient": 3, "doctor": 2, "done": false}}, {"model": "services.prescription", "pk": 7, "fields": {"uuid": "36033815-8e24-4d0f-8895-df60dc1511ad", "created_at": "2023-10-24T00:01:29.244Z", "organization": 2, "patient": 3, "doctor": 2, "done": false}}, {"model": "services.prescription", "pk": 8, "fields": {"uuid": "153c7bfc-71ff-4667-9569-c9c0e25b054d", "created_at": "2023-10-24T00:02:26.772Z", "organization": 2, "patient": 3, "doctor": 2, "done": false}}, {"model": "services.prescription", "pk": 9, "fields": {"uuid": "9418cc44-f115-4374-9218-2a8d2d148fae", "created_at": "2023-10-24T00:02:40.816Z", "organization": 2, "patient": 3, "doctor": 2, "done": false}}, {"model": "services.prescription", "pk": 10, "fields": {"uuid": "6ac797ae-b62e-4073-bfef-6bfbed3a0821", "created_at": "2023-10-24T00:09:29.948Z", "organization": 2, "patient": 3, "doctor": 2, "done": false}}, {"model": "services.prescription", "pk": 11, "fields": {"uuid": "b9bba4d8-a683-4d5f-90bc-9a0a1449b837", "created_at": "2023-10-24T00:53:22.163Z", "organization": 2, "patient": 3, "doctor": 2, "done": false}}, {"model": "services.prescription", "pk": 12, "fields": {"uuid": "bf42d6cc-6326-4bdb-aa7d-5622f096f8e8", "created_at": "2023-10-24T00:58:25.403Z", "organization": 2, "patient": 3, "doctor": 2, "done": false}}, {"model": "services.prescription", "pk": 13, "fields": {"uuid": "1cbb2c8c-e597-49fc-b0a8-496bce014f10", "created_at": "2023-10-24T00:58:30.049Z", "organization": 2, "patient": 3, "doctor": 2, "done": false}}, {"model": "services.prescription", "pk": 14, "fields": {"uuid": "416e1f63-c835-488d-b070-fffedb686013", "created_at": "2023-10-24T03:27:07.772Z", "organization": 2, "patient": 3, "doctor": 2, "done": false}}, {"model": "services.prescription", "pk": 15, "fields": {"uuid": "3e90e04a-d248-4169-a1b4-7b55d3deeca1", "created_at": "2023-10-24T03:28:29.602Z", "organization": 2, "patient": 3, "doctor": 2, "done": false}}, {"model": "services.prescription", "pk": 16, "fields": {"uuid": "c90a4bfa-bbad-4e99-b54d-0843ea423693", "created_at": "2023-10-24T03:45:25.372Z", "organization": 2, "patient": 3, "doctor": 2, "done": false}}, {"model": "services.prescription", "pk": 17, "fields": {"uuid": "26f0d9f8-5ada-4a73-a2bc-0819486e4fd6", "created_at": "2023-10-24T05:18:42.440Z", "organization": 2, "patient": 3, "doctor": 2, "done": false}}, {"model": "services.prescription", "pk": 18, "fields": {"uuid": "57a67ec9-c147-4131-a021-6f2e38976737", "created_at": "2023-10-24T05:29:00.700Z", "organization": 2, "patient": 3, "doctor": 2, "done": false}}, {"model": "services.prescription", "pk": 19, "fields": {"uuid": "2ae3ec5d-56d9-4f5a-a771-0a801c6c6958", "created_at": "2023-10-24T05:31:24.669Z", "organization": 2, "patient": 3, "doctor": 2, "done": false}}, {"model": "services.prescription", "pk": 20, "fields": {"uuid": "e2559ce5-51cc-4014-96d3-7563ce9d36c6", "created_at": "2023-10-24T05:55:41.014Z", "organization": 2, "patient": 3, "doctor": 2, "done": false}}, {"model": "services.prescription", "pk": 21, "fields": {"uuid": "950315c9-64d0-4850-93f4-3d0617d3e857", "created_at": "2023-10-24T05:58:19.178Z", "organization": 2, "patient": 3, "doctor": 2, "done": false}}, {"model": "services.prescription", "pk": 22, "fields": {"uuid": "fd6aa032-0a2a-46f5-9a3a-ebcb5223c4b5", "created_at": "2023-10-24T07:09:51.402Z", "organization": 2, "patient": 3, "doctor": 2, "done": false}}, {"model": "services.prescription", "pk": 23, "fields": {"uuid": "b15102f3-0c7a-47fd-b788-32e009b4f5a2", "created_at": "2023-10-24T07:10:33.963Z", "organization": 2, "patient": 3, "doctor": 2, "done": false}}, {"model": "services.prescription", "pk": 24, "fields": {"uuid": "21bf52a4-c417-4cce-b681-43fac5041794", "created_at": "2023-10-24T07:12:28.563Z", "organization": 2, "patient": 3, "doctor": 2, "done": false}}, {"model": "services.prescription", "pk": 25, "fields": {"uuid": "e4611026-61ed-49d3-9cc0-289883d2ac9b", "created_at": "2023-10-24T07:13:36.981Z", "organization": 2, "patient": 3, "doctor": 2, "done": false}}, {"model": "services.prescription", "pk": 26, "fields": {"uuid": "0b364f80-6cd7-47d0-82a2-6d51cab1ad2a", "created_at": "2023-10-24T07:14:25.571Z", "organization": 2, "patient": 3, "doctor": 2, "done": false}}, {"model": "services.prescription", "pk": 27, "fields": {"uuid": "885495ad-5a1c-4aca-9846-3323dfd2c7b8", "created_at": "2023-10-24T07:15:24.288Z", "organization": 2, "patient": 3, "doctor": 2, "done": false}}, {"model": "services.prescription", "pk": 28, "fields": {"uuid": "88c20d02-5554-4f9d-9ffa-d38714465f14", "created_at": "2023-10-24T07:15:36.803Z", "organization": 2, "patient": 3, "doctor": 2, "done": false}}, {"model": "services.prescription", "pk": 29, "fields": {"uuid": "89e9fa67-c5e6-44bd-bd6f-1d953379b21b", "created_at": "2023-10-24T07:16:35.541Z", "organization": 2, "patient": 3, "doctor": 2, "done": false}}, {"model": "services.prescription", "pk": 30, "fields": {"uuid": "44e066f2-c9ac-447a-a0dd-15490ec7d74b", "created_at": "2023-10-24T07:41:24.755Z", "organization": 2, "patient": 3, "doctor": 2, "done": false}}, {"model": "services.prescription", "pk": 31, "fields": {"uuid": "719feeb3-aedd-4800-8039-a20b9bf31fa2", "created_at": "2023-10-26T04:57:31.446Z", "organization": 8, "patient": 1, "doctor": 2, "done": false}}, {"model": "services.prescription", "pk": 32, "fields": {"uuid": "a8cb6e34-8695-426a-9f2c-6cc9ae93e801", "created_at": "2023-10-27T06:32:25.558Z", "organization": 2, "patient": 3, "doctor": 2, "done": false}}, {"model": "services.prescription", "pk": 33, "fields": {"uuid": "8104c936-3634-4678-8dc4-6476de97eddf", "created_at": "2023-10-27T07:06:14.564Z", "organization": 2, "patient": 3, "doctor": 2, "done": false}}, {"model": "services.prescription", "pk": 34, "fields": {"uuid": "7c4702fc-ff66-4945-bea3-2ef40b3b8521", "created_at": "2023-10-27T09:23:53.249Z", "organization": 2, "patient": 3, "doctor": 2, "done": false}}, {"model": "services.prescription", "pk": 35, "fields": {"uuid": "87c624cd-b16b-49f7-b369-63665afd7261", "created_at": "2023-10-27T09:25:27.190Z", "organization": 2, "patient": 3, "doctor": 2, "done": false}}, {"model": "services.prescription", "pk": 36, "fields": {"uuid": "1d6829a5-bc15-4e95-8e98-9082310c483d", "created_at": "2023-10-27T09:31:40.426Z", "organization": 2, "patient": 3, "doctor": 2, "done": false}}, {"model": "services.prescription", "pk": 37, "fields": {"uuid": "2447ac85-59dd-4758-803a-8d40dbae174a", "created_at": "2023-10-27T10:41:29.200Z", "organization": 2, "patient": 3, "doctor": 2, "done": false}}, {"model": "services.prescription", "pk": 38, "fields": {"uuid": "9cf4ca9c-8317-47d4-8f00-af9c7fd981b3", "created_at": "2023-10-27T11:14:20.705Z", "organization": 2, "patient": 3, "doctor": 2, "done": false}}, {"model": "services.prescription", "pk": 39, "fields": {"uuid": "cdbb08a3-0cd3-4107-b453-51fb6391e7be", "created_at": "2023-10-27T11:47:32.911Z", "organization": 2, "patient": 3, "doctor": 2, "done": false}}, {"model": "services.prescriptionfeedback", "pk": 1, "fields": {"uuid": "2a5d5a73-a304-404f-af2f-7ed81b068e98", "created_at": "2023-10-25T02:13:45.945Z", "content": "Good", "prescription": 1, "user": 2, "from_doctor": true, "rating": 4}}, {"model": "services.prescriptionmessage", "pk": 1, "fields": {"uuid": "39ce7520-9c81-48af-bafd-359de8193a0d", "created_at": "2023-10-25T04:32:34.117Z", "content": "Hello I am Dr. Sahir Jaman", "prescription": 1, "user": 2, "from_doctor": true}}, {"model": "services.prescriptionmessage", "pk": 2, "fields": {"uuid": "d21adc21-1291-47f6-9384-5852a1e81041", "created_at": "2023-10-26T04:59:09.172Z", "content": "Hello doctor User 1 from Org Photo for prescription 719feeb3-aedd-4800-8039-a20b9bf31fa2.", "prescription": 31, "user": 2, "from_doctor": true}}, {"model": "services.prescriptionhasmedicine", "pk": 1, "fields": {"prescription": 2, "brand": 1, "instructions": "ins"}}, {"model": "services.prescriptionhasmedicine", "pk": 2, "fields": {"prescription": 3, "brand": 1, "instructions": "ins"}}, {"model": "services.prescriptionhasmedicine", "pk": 3, "fields": {"prescription": 4, "brand": 1, "instructions": "ins"}}, {"model": "services.prescriptionhasmedicine", "pk": 4, "fields": {"prescription": 5, "brand": 1, "instructions": "ins"}}, {"model": "services.prescriptionhasmedicine", "pk": 5, "fields": {"prescription": 6, "brand": 1, "instructions": "ins"}}, {"model": "services.prescriptionhasmedicine", "pk": 6, "fields": {"prescription": 7, "brand": 1, "instructions": "ins"}}, {"model": "services.prescriptionhasmedicine", "pk": 7, "fields": {"prescription": 8, "brand": 1, "instructions": "ins"}}, {"model": "services.prescriptionhasmedicine", "pk": 8, "fields": {"prescription": 9, "brand": 1, "instructions": "ins"}}, {"model": "services.prescriptionhasmedicine", "pk": 9, "fields": {"prescription": 10, "brand": 1, "instructions": "ins"}}, {"model": "services.prescriptionhasmedicine", "pk": 10, "fields": {"prescription": 11, "brand": 1, "instructions": "ins"}}, {"model": "services.prescriptionhasmedicine", "pk": 11, "fields": {"prescription": 12, "brand": 1, "instructions": "ins"}}, {"model": "services.prescriptionhasmedicine", "pk": 12, "fields": {"prescription": 13, "brand": 1, "instructions": "ins"}}, {"model": "services.prescriptionhasmedicine", "pk": 13, "fields": {"prescription": 14, "brand": 3, "instructions": "ins"}}, {"model": "services.prescriptionhasmedicine", "pk": 14, "fields": {"prescription": 15, "brand": 3, "instructions": "ins"}}, {"model": "services.prescriptionhasmedicine", "pk": 15, "fields": {"prescription": 16, "brand": 1, "instructions": "ins"}}, {"model": "services.prescriptionhasmedicine", "pk": 16, "fields": {"prescription": 18, "brand": 1, "instructions": "ins"}}, {"model": "services.prescriptionhasmedicine", "pk": 17, "fields": {"prescription": 18, "brand": 2, "instructions": "ins"}}, {"model": "services.prescriptionhasmedicine", "pk": 18, "fields": {"prescription": 19, "brand": 1, "instructions": "ins"}}, {"model": "services.prescriptionhasmedicine", "pk": 19, "fields": {"prescription": 19, "brand": 2, "instructions": "ins"}}, {"model": "services.prescriptionhasmedicine", "pk": 20, "fields": {"prescription": 20, "brand": 1, "instructions": "ins"}}, {"model": "services.prescriptionhasmedicine", "pk": 21, "fields": {"prescription": 20, "brand": 2, "instructions": "ins"}}, {"model": "services.prescriptionhasmedicine", "pk": 22, "fields": {"prescription": 21, "brand": 1, "instructions": "ins"}}, {"model": "services.prescriptionhasmedicine", "pk": 23, "fields": {"prescription": 21, "brand": 2, "instructions": "ins"}}, {"model": "services.prescriptionhasmedicine", "pk": 24, "fields": {"prescription": 22, "brand": 1, "instructions": "ins"}}, {"model": "services.prescriptionhasmedicine", "pk": 25, "fields": {"prescription": 22, "brand": 2, "instructions": "ins"}}, {"model": "services.prescriptionhasmedicine", "pk": 26, "fields": {"prescription": 23, "brand": 1, "instructions": "ins"}}, {"model": "services.prescriptionhasmedicine", "pk": 27, "fields": {"prescription": 23, "brand": 2, "instructions": "ins"}}, {"model": "services.prescriptionhasmedicine", "pk": 28, "fields": {"prescription": 24, "brand": 1, "instructions": "ins"}}, {"model": "services.prescriptionhasmedicine", "pk": 29, "fields": {"prescription": 24, "brand": 2, "instructions": "ins"}}, {"model": "services.prescriptionhasmedicine", "pk": 30, "fields": {"prescription": 25, "brand": 1, "instructions": "ins"}}, {"model": "services.prescriptionhasmedicine", "pk": 31, "fields": {"prescription": 25, "brand": 2, "instructions": "ins"}}, {"model": "services.prescriptionhasmedicine", "pk": 32, "fields": {"prescription": 26, "brand": 1, "instructions": "ins"}}, {"model": "services.prescriptionhasmedicine", "pk": 33, "fields": {"prescription": 26, "brand": 2, "instructions": "ins"}}, {"model": "services.prescriptionhasmedicine", "pk": 34, "fields": {"prescription": 27, "brand": 1, "instructions": "ins"}}, {"model": "services.prescriptionhasmedicine", "pk": 35, "fields": {"prescription": 27, "brand": 2, "instructions": "ins"}}, {"model": "services.prescriptionhasmedicine", "pk": 36, "fields": {"prescription": 28, "brand": 1, "instructions": "ins"}}, {"model": "services.prescriptionhasmedicine", "pk": 37, "fields": {"prescription": 28, "brand": 2, "instructions": "ins"}}, {"model": "services.prescriptionhasmedicine", "pk": 38, "fields": {"prescription": 29, "brand": 1, "instructions": "ins"}}, {"model": "services.prescriptionhasmedicine", "pk": 39, "fields": {"prescription": 29, "brand": 2, "instructions": "ins"}}, {"model": "services.prescriptionhasmedicine", "pk": 40, "fields": {"prescription": 30, "brand": 3, "instructions": "ins"}}, {"model": "services.prescriptionhasmedicine", "pk": 41, "fields": {"prescription": 30, "brand": 3, "instructions": "ins"}}, {"model": "services.prescriptionhasmedicine", "pk": 42, "fields": {"prescription": 31, "brand": 13, "instructions": "Med photo 1 instructions."}}, {"model": "services.prescriptionhasmedicine", "pk": 43, "fields": {"prescription": 31, "brand": 14, "instructions": "Med photo 2 instructions."}}, {"model": "services.prescriptionhasmedicine", "pk": 44, "fields": {"prescription": 32, "brand": 3, "instructions": "ins"}}, {"model": "services.prescriptionhasmedicine", "pk": 45, "fields": {"prescription": 33, "brand": 3, "instructions": "ins"}}, {"model": "services.prescriptionhasmedicine", "pk": 46, "fields": {"prescription": 34, "brand": 3, "instructions": "ins"}}, {"model": "services.prescriptionhasmedicine", "pk": 47, "fields": {"prescription": 34, "brand": 3, "instructions": "ins"}}, {"model": "services.prescriptionhasmedicine", "pk": 48, "fields": {"prescription": 35, "brand": 3, "instructions": "ins"}}, {"model": "services.prescriptionhasmedicine", "pk": 49, "fields": {"prescription": 35, "brand": 3, "instructions": "ins"}}, {"model": "services.prescriptionhasmedicine", "pk": 50, "fields": {"prescription": 36, "brand": 3, "instructions": "ins"}}, {"model": "services.prescriptionhasmedicine", "pk": 51, "fields": {"prescription": 36, "brand": 3, "instructions": "ins"}}, {"model": "services.prescriptionhasmedicine", "pk": 52, "fields": {"prescription": 37, "brand": 3, "instructions": "ins"}}, {"model": "services.prescriptionhasmedicine", "pk": 53, "fields": {"prescription": 37, "brand": 3, "instructions": "ins"}}, {"model": "services.prescriptionhasmedicine", "pk": 54, "fields": {"prescription": 38, "brand": 3, "instructions": "ins"}}, {"model": "services.prescriptionhasmedicine", "pk": 55, "fields": {"prescription": 39, "brand": 3, "instructions": "ins"}}]