[{"model": "admin.logentry", "pk": 1, "fields": {"action_time": "2023-10-29T15:35:09.564Z", "user": 1, "content_type": 6, "object_id": "3", "object_repr": "johndoe4", "action_flag": 1, "change_message": "[{\"added\": {}}]"}}, {"model": "admin.logentry", "pk": 2, "fields": {"action_time": "2023-10-29T15:39:07.660Z", "user": 1, "content_type": 8, "object_id": "3", "object_repr": "VitalRx", "action_flag": 1, "change_message": "[{\"added\": {}}]"}}, {"model": "admin.logentry", "pk": 3, "fields": {"action_time": "2023-10-29T15:39:39.164Z", "user": 1, "content_type": 8, "object_id": "4", "object_repr": "PurePath", "action_flag": 1, "change_message": "[{\"added\": {}}]"}}, {"model": "admin.logentry", "pk": 4, "fields": {"action_time": "2023-10-29T15:40:27.546Z", "user": 1, "content_type": 8, "object_id": "5", "object_repr": "GraceCure", "action_flag": 1, "change_message": "[{\"added\": {}}]"}}, {"model": "admin.logentry", "pk": 5, "fields": {"action_time": "2023-10-29T15:41:28.658Z", "user": 1, "content_type": 8, "object_id": "6", "object_repr": "MedMasters", "action_flag": 1, "change_message": "[{\"added\": {}}]"}}, {"model": "admin.logentry", "pk": 6, "fields": {"action_time": "2023-10-29T15:41:56.615Z", "user": 1, "content_type": 9, "object_id": "2", "object_repr": "saminalwasee is staff @ CareMeds", "action_flag": 1, "change_message": "[{\"added\": {}}]"}}, {"model": "admin.logentry", "pk": 7, "fields": {"action_time": "2023-10-29T15:42:04.475Z", "user": 1, "content_type": 9, "object_id": "3", "object_repr": "saminalwasee is patient @ VitalRx", "action_flag": 1, "change_message": "[{\"added\": {}}]"}}, {"model": "admin.logentry", "pk": 8, "fields": {"action_time": "2023-10-29T15:42:11.337Z", "user": 1, "content_type": 9, "object_id": "4", "object_repr": "saminalwasee is patient @ PurePath", "action_flag": 1, "change_message": "[{\"added\": {}}]"}}, {"model": "admin.logentry", "pk": 9, "fields": {"action_time": "2023-10-29T15:42:18.834Z", "user": 1, "content_type": 9, "object_id": "5", "object_repr": "saminalwasee is patient @ GraceCure", "action_flag": 1, "change_message": "[{\"added\": {}}]"}}, {"model": "admin.logentry", "pk": 10, "fields": {"action_time": "2023-10-29T15:42:26.482Z", "user": 1, "content_type": 9, "object_id": "6", "object_repr": "saminalwasee is other @ MedMasters", "action_flag": 1, "change_message": "[{\"added\": {}}]"}}, {"model": "admin.logentry", "pk": 11, "fields": {"action_time": "2023-10-29T15:42:35.703Z", "user": 1, "content_type": 9, "object_id": "7", "object_repr": "johndoe4 is other @ Health Haven", "action_flag": 1, "change_message": "[{\"added\": {}}]"}}, {"model": "admin.logentry", "pk": 12, "fields": {"action_time": "2023-10-29T15:42:41.081Z", "user": 1, "content_type": 9, "object_id": "8", "object_repr": "johndoe4 is patient @ CareMeds", "action_flag": 1, "change_message": "[{\"added\": {}}]"}}, {"model": "admin.logentry", "pk": 13, "fields": {"action_time": "2023-10-29T15:42:48.602Z", "user": 1, "content_type": 9, "object_id": "9", "object_repr": "johndoe4 is doctor @ VitalRx", "action_flag": 1, "change_message": "[{\"added\": {}}]"}}, {"model": "admin.logentry", "pk": 14, "fields": {"action_time": "2023-10-29T15:42:54.850Z", "user": 1, "content_type": 9, "object_id": "10", "object_repr": "johndoe4 is doctor @ PurePath", "action_flag": 1, "change_message": "[{\"added\": {}}]"}}, {"model": "admin.logentry", "pk": 15, "fields": {"action_time": "2023-10-29T15:43:01.054Z", "user": 1, "content_type": 9, "object_id": "11", "object_repr": "johndoe4 is staff @ GraceCure", "action_flag": 1, "change_message": "[{\"added\": {}}]"}}, {"model": "admin.logentry", "pk": 16, "fields": {"action_time": "2023-10-29T15:43:06.953Z", "user": 1, "content_type": 9, "object_id": "12", "object_repr": "johndoe4 is staff @ MedMasters", "action_flag": 1, "change_message": "[{\"added\": {}}]"}}, {"model": "admin.logentry", "pk": 17, "fields": {"action_time": "2023-10-29T15:43:14.315Z", "user": 1, "content_type": 9, "object_id": "13", "object_repr": "superuser is doctor @ MedMasters", "action_flag": 1, "change_message": "[{\"added\": {}}]"}}, {"model": "admin.logentry", "pk": 18, "fields": {"action_time": "2023-10-29T15:43:19.588Z", "user": 1, "content_type": 9, "object_id": "14", "object_repr": "superuser is staff @ GraceCure", "action_flag": 1, "change_message": "[{\"added\": {}}]"}}, {"model": "admin.logentry", "pk": 19, "fields": {"action_time": "2023-10-29T15:43:24.522Z", "user": 1, "content_type": 9, "object_id": "15", "object_repr": "superuser is patient @ Health Haven", "action_flag": 1, "change_message": "[{\"added\": {}}]"}}, {"model": "admin.logentry", "pk": 20, "fields": {"action_time": "2023-10-29T15:43:33.432Z", "user": 1, "content_type": 9, "object_id": "16", "object_repr": "superuser is patient @ CareMeds", "action_flag": 1, "change_message": "[{\"added\": {}}]"}}, {"model": "admin.logentry", "pk": 21, "fields": {"action_time": "2023-10-29T15:43:39.371Z", "user": 1, "content_type": 9, "object_id": "17", "object_repr": "superuser is staff @ VitalRx", "action_flag": 1, "change_message": "[{\"added\": {}}]"}}, {"model": "admin.logentry", "pk": 22, "fields": {"action_time": "2023-10-29T15:43:45.090Z", "user": 1, "content_type": 9, "object_id": "18", "object_repr": "superuser is other @ PurePath", "action_flag": 1, "change_message": "[{\"added\": {}}]"}}, {"model": "admin.logentry", "pk": 23, "fields": {"action_time": "2023-10-29T15:44:46.485Z", "user": 1, "content_type": 10, "object_id": "1", "object_repr": "Ibuprofen", "action_flag": 1, "change_message": "[{\"added\": {}}]"}}, {"model": "admin.logentry", "pk": 24, "fields": {"action_time": "2023-10-29T15:44:53.188Z", "user": 1, "content_type": 10, "object_id": "1", "object_repr": "Ibuprofen", "action_flag": 3, "change_message": ""}}, {"model": "admin.logentry", "pk": 25, "fields": {"action_time": "2023-10-29T15:46:02.981Z", "user": 1, "content_type": 10, "object_id": "2", "object_repr": "Ibuprofen", "action_flag": 1, "change_message": "[{\"added\": {}}]"}}, {"model": "admin.logentry", "pk": 26, "fields": {"action_time": "2023-10-29T15:47:04.729Z", "user": 1, "content_type": 10, "object_id": "3", "object_repr": "Aspirin", "action_flag": 1, "change_message": "[{\"added\": {}}]"}}, {"model": "admin.logentry", "pk": 27, "fields": {"action_time": "2023-10-29T15:47:56.756Z", "user": 1, "content_type": 10, "object_id": "4", "object_repr": "Losartan", "action_flag": 1, "change_message": "[{\"added\": {}}]"}}, {"model": "admin.logentry", "pk": 28, "fields": {"action_time": "2023-10-29T15:48:28.242Z", "user": 1, "content_type": 11, "object_id": "1", "object_repr": "Advil", "action_flag": 1, "change_message": "[{\"added\": {}}]"}}, {"model": "admin.logentry", "pk": 29, "fields": {"action_time": "2023-10-29T15:48:44.253Z", "user": 1, "content_type": 11, "object_id": "2", "object_repr": "Motrin", "action_flag": 1, "change_message": "[{\"added\": {}}]"}}, {"model": "admin.logentry", "pk": 30, "fields": {"action_time": "2023-10-29T15:48:56.030Z", "user": 1, "content_type": 11, "object_id": "3", "object_repr": "Nurofen", "action_flag": 1, "change_message": "[{\"added\": {}}]"}}, {"model": "admin.logentry", "pk": 31, "fields": {"action_time": "2023-10-29T15:49:06.045Z", "user": 1, "content_type": 11, "object_id": "4", "object_repr": "Brufen", "action_flag": 1, "change_message": "[{\"added\": {}}]"}}, {"model": "admin.logentry", "pk": 32, "fields": {"action_time": "2023-10-29T15:49:23.440Z", "user": 1, "content_type": 11, "object_id": "5", "object_repr": "Calprofen", "action_flag": 1, "change_message": "[{\"added\": {}}]"}}, {"model": "admin.logentry", "pk": 33, "fields": {"action_time": "2023-10-29T15:49:42.754Z", "user": 1, "content_type": 11, "object_id": "6", "object_repr": "Midol", "action_flag": 1, "change_message": "[{\"added\": {}}]"}}, {"model": "admin.logentry", "pk": 34, "fields": {"action_time": "2023-10-29T15:50:08.260Z", "user": 1, "content_type": 11, "object_id": "7", "object_repr": "Anacin", "action_flag": 1, "change_message": "[{\"added\": {}}]"}}, {"model": "admin.logentry", "pk": 35, "fields": {"action_time": "2023-10-29T15:50:20.284Z", "user": 1, "content_type": 11, "object_id": "8", "object_repr": "Ecotrin", "action_flag": 1, "change_message": "[{\"added\": {}}]"}}, {"model": "admin.logentry", "pk": 36, "fields": {"action_time": "2023-10-29T15:50:31.773Z", "user": 1, "content_type": 11, "object_id": "9", "object_repr": "Bufferin", "action_flag": 1, "change_message": "[{\"added\": {}}]"}}, {"model": "admin.logentry", "pk": 37, "fields": {"action_time": "2023-10-29T15:50:45.134Z", "user": 1, "content_type": 12, "object_id": "1", "object_repr": "Advil | tablet", "action_flag": 1, "change_message": "[{\"added\": {}}]"}}, {"model": "admin.logentry", "pk": 38, "fields": {"action_time": "2023-10-29T15:50:55.620Z", "user": 1, "content_type": 12, "object_id": "2", "object_repr": "Advil | capsule", "action_flag": 1, "change_message": "[{\"added\": {}}]"}}, {"model": "admin.logentry", "pk": 39, "fields": {"action_time": "2023-10-29T15:51:05.190Z", "user": 1, "content_type": 12, "object_id": "3", "object_repr": "Motrin | capsule", "action_flag": 1, "change_message": "[{\"added\": {}}]"}}, {"model": "admin.logentry", "pk": 40, "fields": {"action_time": "2023-10-29T15:51:17.230Z", "user": 1, "content_type": 12, "object_id": "4", "object_repr": "Brufen | capsule", "action_flag": 1, "change_message": "[{\"added\": {}}]"}}, {"model": "admin.logentry", "pk": 41, "fields": {"action_time": "2023-10-29T15:51:25.113Z", "user": 1, "content_type": 12, "object_id": "5", "object_repr": "Calprofen | tablet", "action_flag": 1, "change_message": "[{\"added\": {}}]"}}, {"model": "admin.logentry", "pk": 42, "fields": {"action_time": "2023-10-29T15:51:35.633Z", "user": 1, "content_type": 12, "object_id": "6", "object_repr": "Midol | injection", "action_flag": 1, "change_message": "[{\"added\": {}}]"}}, {"model": "admin.logentry", "pk": 43, "fields": {"action_time": "2023-10-29T17:48:10.362Z", "user": 1, "content_type": 7, "object_id": "4", "object_repr": "San Francisco, United States of America | , ", "action_flag": 1, "change_message": "[{\"added\": {}}]"}}, {"model": "admin.logentry", "pk": 44, "fields": {"action_time": "2023-10-29T17:48:18.521Z", "user": 1, "content_type": 6, "object_id": "4", "object_repr": "dexter008", "action_flag": 1, "change_message": "[{\"added\": {}}]"}}, {"model": "auth.permission", "pk": 1, "fields": {"name": "Can add log entry", "content_type": 1, "codename": "add_logentry"}}, {"model": "auth.permission", "pk": 2, "fields": {"name": "Can change log entry", "content_type": 1, "codename": "change_logentry"}}, {"model": "auth.permission", "pk": 3, "fields": {"name": "Can delete log entry", "content_type": 1, "codename": "delete_logentry"}}, {"model": "auth.permission", "pk": 4, "fields": {"name": "Can view log entry", "content_type": 1, "codename": "view_logentry"}}, {"model": "auth.permission", "pk": 5, "fields": {"name": "Can add permission", "content_type": 2, "codename": "add_permission"}}, {"model": "auth.permission", "pk": 6, "fields": {"name": "Can change permission", "content_type": 2, "codename": "change_permission"}}, {"model": "auth.permission", "pk": 7, "fields": {"name": "Can delete permission", "content_type": 2, "codename": "delete_permission"}}, {"model": "auth.permission", "pk": 8, "fields": {"name": "Can view permission", "content_type": 2, "codename": "view_permission"}}, {"model": "auth.permission", "pk": 9, "fields": {"name": "Can add group", "content_type": 3, "codename": "add_group"}}, {"model": "auth.permission", "pk": 10, "fields": {"name": "Can change group", "content_type": 3, "codename": "change_group"}}, {"model": "auth.permission", "pk": 11, "fields": {"name": "Can delete group", "content_type": 3, "codename": "delete_group"}}, {"model": "auth.permission", "pk": 12, "fields": {"name": "Can view group", "content_type": 3, "codename": "view_group"}}, {"model": "auth.permission", "pk": 13, "fields": {"name": "Can add content type", "content_type": 4, "codename": "add_contenttype"}}, {"model": "auth.permission", "pk": 14, "fields": {"name": "Can change content type", "content_type": 4, "codename": "change_contenttype"}}, {"model": "auth.permission", "pk": 15, "fields": {"name": "Can delete content type", "content_type": 4, "codename": "delete_contenttype"}}, {"model": "auth.permission", "pk": 16, "fields": {"name": "Can view content type", "content_type": 4, "codename": "view_contenttype"}}, {"model": "auth.permission", "pk": 17, "fields": {"name": "Can add session", "content_type": 5, "codename": "add_session"}}, {"model": "auth.permission", "pk": 18, "fields": {"name": "Can change session", "content_type": 5, "codename": "change_session"}}, {"model": "auth.permission", "pk": 19, "fields": {"name": "Can delete session", "content_type": 5, "codename": "delete_session"}}, {"model": "auth.permission", "pk": 20, "fields": {"name": "Can view session", "content_type": 5, "codename": "view_session"}}, {"model": "auth.permission", "pk": 21, "fields": {"name": "Can add user", "content_type": 6, "codename": "add_user"}}, {"model": "auth.permission", "pk": 22, "fields": {"name": "Can change user", "content_type": 6, "codename": "change_user"}}, {"model": "auth.permission", "pk": 23, "fields": {"name": "Can delete user", "content_type": 6, "codename": "delete_user"}}, {"model": "auth.permission", "pk": 24, "fields": {"name": "Can view user", "content_type": 6, "codename": "view_user"}}, {"model": "auth.permission", "pk": 25, "fields": {"name": "Can add address", "content_type": 7, "codename": "add_address"}}, {"model": "auth.permission", "pk": 26, "fields": {"name": "Can change address", "content_type": 7, "codename": "change_address"}}, {"model": "auth.permission", "pk": 27, "fields": {"name": "Can delete address", "content_type": 7, "codename": "delete_address"}}, {"model": "auth.permission", "pk": 28, "fields": {"name": "Can view address", "content_type": 7, "codename": "view_address"}}, {"model": "auth.permission", "pk": 29, "fields": {"name": "Can add organization", "content_type": 8, "codename": "add_organization"}}, {"model": "auth.permission", "pk": 30, "fields": {"name": "Can change organization", "content_type": 8, "codename": "change_organization"}}, {"model": "auth.permission", "pk": 31, "fields": {"name": "Can delete organization", "content_type": 8, "codename": "delete_organization"}}, {"model": "auth.permission", "pk": 32, "fields": {"name": "Can view organization", "content_type": 8, "codename": "view_organization"}}, {"model": "auth.permission", "pk": 33, "fields": {"name": "Can add user role", "content_type": 9, "codename": "add_organizationhasuserwithrole"}}, {"model": "auth.permission", "pk": 34, "fields": {"name": "Can change user role", "content_type": 9, "codename": "change_organizationhasuserwithrole"}}, {"model": "auth.permission", "pk": 35, "fields": {"name": "Can delete user role", "content_type": 9, "codename": "delete_organizationhasuserwithrole"}}, {"model": "auth.permission", "pk": 36, "fields": {"name": "Can view user role", "content_type": 9, "codename": "view_organizationhasuserwithrole"}}, {"model": "auth.permission", "pk": 37, "fields": {"name": "Can add medicine generic", "content_type": 10, "codename": "add_medicinegeneric"}}, {"model": "auth.permission", "pk": 38, "fields": {"name": "Can change medicine generic", "content_type": 10, "codename": "change_medicinegeneric"}}, {"model": "auth.permission", "pk": 39, "fields": {"name": "Can delete medicine generic", "content_type": 10, "codename": "delete_medicinegeneric"}}, {"model": "auth.permission", "pk": 40, "fields": {"name": "Can view medicine generic", "content_type": 10, "codename": "view_medicinegeneric"}}, {"model": "auth.permission", "pk": 41, "fields": {"name": "Can add medicine brand", "content_type": 11, "codename": "add_medicinebrand"}}, {"model": "auth.permission", "pk": 42, "fields": {"name": "Can change medicine brand", "content_type": 11, "codename": "change_medicinebrand"}}, {"model": "auth.permission", "pk": 43, "fields": {"name": "Can delete medicine brand", "content_type": 11, "codename": "delete_medicinebrand"}}, {"model": "auth.permission", "pk": 44, "fields": {"name": "Can view medicine brand", "content_type": 11, "codename": "view_medicinebrand"}}, {"model": "auth.permission", "pk": 45, "fields": {"name": "Can add dosage form", "content_type": 12, "codename": "add_medicinebrandhasdosageformwithinfo"}}, {"model": "auth.permission", "pk": 46, "fields": {"name": "Can change dosage form", "content_type": 12, "codename": "change_medicinebrandhasdosageformwithinfo"}}, {"model": "auth.permission", "pk": 47, "fields": {"name": "Can delete dosage form", "content_type": 12, "codename": "delete_medicinebrandhasdosageformwithinfo"}}, {"model": "auth.permission", "pk": 48, "fields": {"name": "Can view dosage form", "content_type": 12, "codename": "view_medicinebrandhasdosageformwithinfo"}}, {"model": "auth.permission", "pk": 49, "fields": {"name": "Can add user feedback", "content_type": 13, "codename": "add_feedbacktoorganization"}}, {"model": "auth.permission", "pk": 50, "fields": {"name": "Can change user feedback", "content_type": 13, "codename": "change_feedbacktoorganization"}}, {"model": "auth.permission", "pk": 51, "fields": {"name": "Can delete user feedback", "content_type": 13, "codename": "delete_feedbacktoorganization"}}, {"model": "auth.permission", "pk": 52, "fields": {"name": "Can view user feedback", "content_type": 13, "codename": "view_feedbacktoorganization"}}, {"model": "auth.permission", "pk": 53, "fields": {"name": "Can add message", "content_type": 14, "codename": "add_messagebetweenuserorganization"}}, {"model": "auth.permission", "pk": 54, "fields": {"name": "Can change message", "content_type": 14, "codename": "change_messagebetweenuserorganization"}}, {"model": "auth.permission", "pk": 55, "fields": {"name": "Can delete message", "content_type": 14, "codename": "delete_messagebetweenuserorganization"}}, {"model": "auth.permission", "pk": 56, "fields": {"name": "Can view message", "content_type": 14, "codename": "view_messagebetweenuserorganization"}}, {"model": "auth.permission", "pk": 57, "fields": {"name": "Can add prescription", "content_type": 15, "codename": "add_prescription"}}, {"model": "auth.permission", "pk": 58, "fields": {"name": "Can change prescription", "content_type": 15, "codename": "change_prescription"}}, {"model": "auth.permission", "pk": 59, "fields": {"name": "Can delete prescription", "content_type": 15, "codename": "delete_prescription"}}, {"model": "auth.permission", "pk": 60, "fields": {"name": "Can view prescription", "content_type": 15, "codename": "view_prescription"}}, {"model": "auth.permission", "pk": 61, "fields": {"name": "Can add prescription feedback", "content_type": 16, "codename": "add_prescriptionfeedback"}}, {"model": "auth.permission", "pk": 62, "fields": {"name": "Can change prescription feedback", "content_type": 16, "codename": "change_prescriptionfeedback"}}, {"model": "auth.permission", "pk": 63, "fields": {"name": "Can delete prescription feedback", "content_type": 16, "codename": "delete_prescriptionfeedback"}}, {"model": "auth.permission", "pk": 64, "fields": {"name": "Can view prescription feedback", "content_type": 16, "codename": "view_prescriptionfeedback"}}, {"model": "auth.permission", "pk": 65, "fields": {"name": "Can add prescription message", "content_type": 17, "codename": "add_prescriptionmessage"}}, {"model": "auth.permission", "pk": 66, "fields": {"name": "Can change prescription message", "content_type": 17, "codename": "change_prescriptionmessage"}}, {"model": "auth.permission", "pk": 67, "fields": {"name": "Can delete prescription message", "content_type": 17, "codename": "delete_prescriptionmessage"}}, {"model": "auth.permission", "pk": 68, "fields": {"name": "Can view prescription message", "content_type": 17, "codename": "view_prescriptionmessage"}}, {"model": "auth.permission", "pk": 69, "fields": {"name": "Can add prescribed medicine", "content_type": 18, "codename": "add_prescriptionhasmedicine"}}, {"model": "auth.permission", "pk": 70, "fields": {"name": "Can change prescribed medicine", "content_type": 18, "codename": "change_prescriptionhasmedicine"}}, {"model": "auth.permission", "pk": 71, "fields": {"name": "Can delete prescribed medicine", "content_type": 18, "codename": "delete_prescriptionhasmedicine"}}, {"model": "auth.permission", "pk": 72, "fields": {"name": "Can view prescribed medicine", "content_type": 18, "codename": "view_prescriptionhasmedicine"}}, {"model": "contenttypes.contenttype", "pk": 1, "fields": {"app_label": "admin", "model": "logentry"}}, {"model": "contenttypes.contenttype", "pk": 2, "fields": {"app_label": "auth", "model": "permission"}}, {"model": "contenttypes.contenttype", "pk": 3, "fields": {"app_label": "auth", "model": "group"}}, {"model": "contenttypes.contenttype", "pk": 4, "fields": {"app_label": "contenttypes", "model": "contenttype"}}, {"model": "contenttypes.contenttype", "pk": 5, "fields": {"app_label": "sessions", "model": "session"}}, {"model": "contenttypes.contenttype", "pk": 6, "fields": {"app_label": "accounts", "model": "user"}}, {"model": "contenttypes.contenttype", "pk": 7, "fields": {"app_label": "common", "model": "address"}}, {"model": "contenttypes.contenttype", "pk": 8, "fields": {"app_label": "organizations", "model": "organization"}}, {"model": "contenttypes.contenttype", "pk": 9, "fields": {"app_label": "organizations", "model": "organizationhasuserwithrole"}}, {"model": "contenttypes.contenttype", "pk": 10, "fields": {"app_label": "medicines", "model": "medicinegeneric"}}, {"model": "contenttypes.contenttype", "pk": 11, "fields": {"app_label": "medicines", "model": "medicinebrand"}}, {"model": "contenttypes.contenttype", "pk": 12, "fields": {"app_label": "medicines", "model": "medicinebrandhasdosageformwithinfo"}}, {"model": "contenttypes.contenttype", "pk": 13, "fields": {"app_label": "services", "model": "feedbacktoorganization"}}, {"model": "contenttypes.contenttype", "pk": 14, "fields": {"app_label": "services", "model": "messagebetweenuserorganization"}}, {"model": "contenttypes.contenttype", "pk": 15, "fields": {"app_label": "services", "model": "prescription"}}, {"model": "contenttypes.contenttype", "pk": 16, "fields": {"app_label": "services", "model": "prescriptionfeedback"}}, {"model": "contenttypes.contenttype", "pk": 17, "fields": {"app_label": "services", "model": "prescriptionmessage"}}, {"model": "contenttypes.contenttype", "pk": 18, "fields": {"app_label": "services", "model": "prescriptionhasmedicine"}}, {"model": "sessions.session", "pk": "i0bw6ll2rna6csnjkgltl011yfit326k", "fields": {"session_data": ".eJxVjEsOAiEQBe_C2hDQbj4u3XsG0tAgowaSYWZlvLtOMgvdvqp6LxFoXWpYR57DxOIsQBx-t0jpkdsG-E7t1mXqbZmnKDdF7nTIa-f8vOzu30GlUb-1LUpjtoojZq0APXpn8GjAlZIKOUhsTARgghwJFUQiLt4mp73VJxTvD9y0N-M:1qx9uG:NgdxL2hRi3SP7k_WBoGXSkWe1E3TxNyDkpSIVSuph58", "expire_date": "2023-11-12T17:49:00.895Z"}}, {"model": "accounts.user", "pk": 1, "fields": {"password": "pbkdf2_sha256$390000$B02GeLWLWru5Ts2cQ5JYrj$zwudke518dBQoU9KhxRvnw2JTPYjE0g+EHwAPEMG75M=", "last_login": "2023-10-29T15:17:06.848Z", "is_superuser": true, "uuid": "e15f083f-1a25-41ce-b0c5-421b4eb25b9a", "created_at": "2023-10-29T15:08:46.177Z", "email": "superuser@example.com", "address": null, "username": "superuser", "name": "", "date_of_birth": null, "photo": "", "height_cm": -1, "weight_kg": -1, "blood_group": "unknown", "gender": "unknown", "groups": [], "user_permissions": []}}, {"model": "accounts.user", "pk": 2, "fields": {"password": "pbkdf2_sha256$390000$TcS7gRqMntppI6UgB5zcjP$o7ecOp9a4TuXX1XwgmncisiardAFMHmP8wFAx+lsQIQ=", "last_login": null, "is_superuser": false, "uuid": "1ad159aa-e979-4971-a1c7-b61e3b46be21", "created_at": "2023-10-29T15:12:42.419Z", "email": "saw@example.com", "address": 1, "username": "saminalwasee", "name": "Mohammad Samin-Al-Wasee", "date_of_birth": "1999-01-17", "photo": "", "height_cm": 175, "weight_kg": 55, "blood_group": "ab-", "gender": "male", "groups": [], "user_permissions": []}}, {"model": "accounts.user", "pk": 3, "fields": {"password": "pbkdf2_sha256$390000$TFDKKhr7vcZpehY7jERer7$OPSyiTzwD8S/70G8kt1N1uylCubGyjPs7C1cwLruBWI=", "last_login": null, "is_superuser": false, "uuid": "de9bfd80-b9a7-4b34-9bf5-413d928e18c7", "created_at": "2023-10-29T15:35:09.561Z", "email": "johndoe@example.com", "address": null, "username": "johndoe4", "name": "John Doe", "date_of_birth": null, "photo": "", "height_cm": 177, "weight_kg": 77, "blood_group": "b-", "gender": "male", "groups": [], "user_permissions": []}}, {"model": "accounts.user", "pk": 4, "fields": {"password": "pbkdf2_sha256$390000$cnojTO5LBjivuiU0zYmte0$Hb7GFOVSUMU60MFmjJlKx8TAC5hWDWDW6b6z1jV/A0M=", "last_login": "2023-10-29T17:49:00.887Z", "is_superuser": false, "uuid": "dbe53fb7-e985-44fa-8bda-3345848ab334", "created_at": "2023-10-29T17:48:18.517Z", "email": "dexter@example.com", "address": 4, "username": "dexter008", "name": "Dexter Morgan", "date_of_birth": null, "photo": "", "height_cm": 188, "weight_kg": 87, "blood_group": "o-", "gender": "male", "groups": [], "user_permissions": []}}, {"model": "common.address", "pk": 1, "fields": {"unit_no": "AA", "street_no": "11", "line_1": "P #428", "line_2": "", "city": "Dhaka", "region": "", "postal_code": "1212", "country": "BD"}}, {"model": "common.address", "pk": 2, "fields": {"unit_no": "AA", "street_no": "34", "line_1": "", "line_2": "", "city": "Delhi", "region": "", "postal_code": "3434", "country": "IN"}}, {"model": "common.address", "pk": 3, "fields": {"unit_no": "AB", "street_no": "34", "line_1": "", "line_2": "", "city": "Dhaka", "region": "", "postal_code": "3434", "country": "BD"}}, {"model": "common.address", "pk": 4, "fields": {"unit_no": "5/10", "street_no": "12", "line_1": "", "line_2": "", "city": "San Francisco", "region": "", "postal_code": "2131", "country": "US"}}, {"model": "organizations.organization", "pk": 1, "fields": {"uuid": "a5f80f12-3964-4248-ae79-ae7552a2f592", "created_at": "2023-10-29T15:23:31.417Z", "name": "Health Haven", "email": "heahav@example.com", "address": 2, "information": "Lorem ipsum dolor sit amet, consectetur adipiscing elit. Fusce efficitur at nisi eu fermentum. Vestibulum sed nisl vel dolor imperdiet ultricies. In hac habitasse platea dictumst. Proin viverra feugiat porttitor. Donec vehicula ut erat ut sodales. Donec ac arcu fringilla, commodo magna id, blandit sem. Proin accumsan, quam lobortis pretium interdum, purus nisi aliquet mauris, et molestie quam dui ac metus. Morbi sem augue, rutrum in elit eu, aliquet elementum diam. Nulla vitae lacus a neque pharetra placerat sit amet quis dolor.", "status": "active", "owner": 2}}, {"model": "organizations.organization", "pk": 2, "fields": {"uuid": "ba84016c-3cc3-4f6e-8aef-3c123ef8a032", "created_at": "2023-10-29T15:26:02.801Z", "name": "CareMeds", "email": "caremeds@example.com", "address": 3, "information": "Consectetur adipiscing elit, sed do eiusmod tempor incididunt ut labore et dolore magna aliqua.", "status": "active", "owner": 2}}, {"model": "organizations.organization", "pk": 3, "fields": {"uuid": "5eff84be-3b49-48d7-8a0f-6f1d8c2c56fe", "created_at": "2023-10-29T15:39:07.659Z", "name": "VitalRx", "email": "vitalrx@example.com", "address": 1, "information": "Sed ut perspiciatis unde omnis iste natus error sit voluptatem accusantium doloremque laudantium, totam rem aperiam, eaque ipsa quae ab illo inventore veritatis et quasi architecto beatae vitae dicta sunt explicabo.", "status": "active", "owner": 3}}, {"model": "organizations.organization", "pk": 4, "fields": {"uuid": "f8cad74b-5f64-4eac-9939-a4a711634cd7", "created_at": "2023-10-29T15:39:39.163Z", "name": "PurePath", "email": "purepath@example.com", "address": null, "information": "Sed ut perspiciatis unde omnis iste natus error sit voluptatem accusantium doloremque laudantium, totam rem aperiam, eaque ipsa quae ab illo inventore veritatis et quasi architecto beatae vitae dicta sunt explicabo.", "status": "active", "owner": 3}}, {"model": "organizations.organization", "pk": 5, "fields": {"uuid": "b3db17c1-3926-43f9-856b-825ed6cdfbf6", "created_at": "2023-10-29T15:40:27.545Z", "name": "GraceCure", "email": "gracecure@example.com", "address": 1, "information": "I must explain to you how all this mistaken idea of denouncing pleasure and praising pain was born and I will give you a complete account of the system, and expound the actual teachings of the great explorer of the truth, the master-builder of human happiness.", "status": "active", "owner": 1}}, {"model": "organizations.organization", "pk": 6, "fields": {"uuid": "c05dab0d-6411-4b13-9217-cd8c31ba2577", "created_at": "2023-10-29T15:41:28.658Z", "name": "MedMasters", "email": "medmast@example.com", "address": 2, "information": "Nor again is there anyone who loves or pursues or desires to obtain pain of itself, because it is pain, but because occasionally circumstances occur in which toil and pain can procure him some great pleasure. To take a trivial example, which of us ever undertakes laborious physical exercise, except to obtain some advantage from it?", "status": "active", "owner": 1}}, {"model": "organizations.organizationhasuserwithrole", "pk": 1, "fields": {"user": 2, "organization": 1, "role": "doctor"}}, {"model": "organizations.organizationhasuserwithrole", "pk": 2, "fields": {"user": 2, "organization": 2, "role": "staff"}}, {"model": "organizations.organizationhasuserwithrole", "pk": 3, "fields": {"user": 2, "organization": 3, "role": "patient"}}, {"model": "organizations.organizationhasuserwithrole", "pk": 4, "fields": {"user": 2, "organization": 4, "role": "patient"}}, {"model": "organizations.organizationhasuserwithrole", "pk": 5, "fields": {"user": 2, "organization": 5, "role": "patient"}}, {"model": "organizations.organizationhasuserwithrole", "pk": 6, "fields": {"user": 2, "organization": 6, "role": "other"}}, {"model": "organizations.organizationhasuserwithrole", "pk": 7, "fields": {"user": 3, "organization": 1, "role": "other"}}, {"model": "organizations.organizationhasuserwithrole", "pk": 8, "fields": {"user": 3, "organization": 2, "role": "patient"}}, {"model": "organizations.organizationhasuserwithrole", "pk": 9, "fields": {"user": 3, "organization": 3, "role": "doctor"}}, {"model": "organizations.organizationhasuserwithrole", "pk": 10, "fields": {"user": 3, "organization": 4, "role": "doctor"}}, {"model": "organizations.organizationhasuserwithrole", "pk": 11, "fields": {"user": 3, "organization": 5, "role": "staff"}}, {"model": "organizations.organizationhasuserwithrole", "pk": 12, "fields": {"user": 3, "organization": 6, "role": "staff"}}, {"model": "organizations.organizationhasuserwithrole", "pk": 13, "fields": {"user": 1, "organization": 6, "role": "doctor"}}, {"model": "organizations.organizationhasuserwithrole", "pk": 14, "fields": {"user": 1, "organization": 5, "role": "staff"}}, {"model": "organizations.organizationhasuserwithrole", "pk": 15, "fields": {"user": 1, "organization": 1, "role": "patient"}}, {"model": "organizations.organizationhasuserwithrole", "pk": 16, "fields": {"user": 1, "organization": 2, "role": "patient"}}, {"model": "organizations.organizationhasuserwithrole", "pk": 17, "fields": {"user": 1, "organization": 3, "role": "staff"}}, {"model": "organizations.organizationhasuserwithrole", "pk": 18, "fields": {"user": 1, "organization": 4, "role": "other"}}, {"model": "organizations.organizationhasuserwithrole", "pk": 19, "fields": {"user": 4, "organization": 1, "role": "patient"}}, {"model": "medicines.medicinegeneric", "pk": 2, "fields": {"name": "Ibuprofen", "slug": "ibuprofen", "pharmacology": "Ibuprofen is a nonsteroidal anti-inflammatory drug (NSAID). It works by reducing hormones that cause inflammation and pain in the body.", "indications": "Ibuprofen is used to reduce fever and treat pain or inflammation caused by many conditions such as headache, toothache, back pain, arthritis, menstrual cramps, or minor injury.", "interactions": "You should not use ibuprofen if you are allergic to it, or if you have ever had an asthma attack or severe allergic reaction after taking aspirin or an NSAID.", "side_effects": "Ibuprofen can increase your risk of fatal heart attack or stroke. Do not use this medicine just before or after heart bypass surgery (coronary artery bypass graft, or CABG)."}}, {"model": "medicines.medicinegeneric", "pk": 3, "fields": {"name": "Aspirin", "slug": "aspirin", "pharmacology": "Aspirin is known as a salicylate and a nonsteroidal anti-inflammatory drug (NSAID). It works by blocking a certain natural substance in your body to reduce pain and swelling.", "indications": "No known indications.", "interactions": "If you are taking this medication for self-treatment, follow all directions on the product package. If you have any questions, ask your doctor or pharmacist. If your doctor has directed you to take this medication, take it exactly as prescribed.", "side_effects": "Do not crush or chew extended-release tablets or capsules. Doing so can release all of the drug at once, increasing the risk of side effects. Also, do not split extended-release tablets unless they have a score line and your doctor or pharmacist tells you to do so. Swallow the whole or split tablet without crushing or chewing."}}, {"model": "medicines.medicinegeneric", "pk": 4, "fields": {"name": "Losartan", "slug": "losartan", "pharmacology": "Losartan is used alone or together with other medicines to treat high blood pressure (hypertension). High blood pressure adds to the workload of the heart and arteries. If it continues for a long time, the heart and arteries may not function properly. This can damage the blood vessels of the brain, heart, and kidneys, resulting in a stroke, heart failure, or kidney failure. Lowering blood pressure may reduce the risk of strokes and heart attacks.", "indications": "Losartan is an angiotensin II receptor blocker (ARB). It works by blocking a substance in the body that causes blood vessels to tighten. As a result, losartan relaxes the blood vessels. A lower blood pressure will increase the supply of the blood and oxygen to the heart.", "interactions": "No known interactions.", "side_effects": "No known side effects."}}, {"model": "medicines.medicinebrand", "pk": 1, "fields": {"name": "Advil", "slug": "advil", "manufacturer": 1, "generic": 2}}, {"model": "medicines.medicinebrand", "pk": 2, "fields": {"name": "Motrin", "slug": "motrin", "manufacturer": 2, "generic": 2}}, {"model": "medicines.medicinebrand", "pk": 3, "fields": {"name": "Nurofen", "slug": "nurofen", "manufacturer": 3, "generic": 2}}, {"model": "medicines.medicinebrand", "pk": 4, "fields": {"name": "Brufen", "slug": "brufen", "manufacturer": 4, "generic": 2}}, {"model": "medicines.medicinebrand", "pk": 5, "fields": {"name": "Calprofen", "slug": "calprofen", "manufacturer": 5, "generic": 2}}, {"model": "medicines.medicinebrand", "pk": 6, "fields": {"name": "Midol", "slug": "midol", "manufacturer": 6, "generic": 2}}, {"model": "medicines.medicinebrand", "pk": 7, "fields": {"name": "Anacin", "slug": "anacin", "manufacturer": 1, "generic": 3}}, {"model": "medicines.medicinebrand", "pk": 8, "fields": {"name": "Ecotrin", "slug": "ecotrin", "manufacturer": 2, "generic": 3}}, {"model": "medicines.medicinebrand", "pk": 9, "fields": {"name": "Bufferin", "slug": "bufferin", "manufacturer": 3, "generic": 3}}, {"model": "medicines.medicinebrand", "pk": 10, "fields": {"name": "Disprin", "slug": "disprin", "manufacturer": 1, "generic": 3}}, {"model": "medicines.medicinebrand", "pk": 11, "fields": {"name": "Sarad", "slug": "sarad", "manufacturer": 1, "generic": 4}}, {"model": "medicines.medicinebrandhasdosageformwithinfo", "pk": 1, "fields": {"brand": 1, "dosage_form": "tablet", "instructions": "As prescribed by the doctor.", "unit_price": 50}}, {"model": "medicines.medicinebrandhasdosageformwithinfo", "pk": 2, "fields": {"brand": 1, "dosage_form": "capsule", "instructions": "As prescribed by the doctor.", "unit_price": 70}}, {"model": "medicines.medicinebrandhasdosageformwithinfo", "pk": 3, "fields": {"brand": 2, "dosage_form": "capsule", "instructions": "As prescribed by the doctor.", "unit_price": 80}}, {"model": "medicines.medicinebrandhasdosageformwithinfo", "pk": 4, "fields": {"brand": 4, "dosage_form": "capsule", "instructions": "As prescribed by the doctor.", "unit_price": 110}}, {"model": "medicines.medicinebrandhasdosageformwithinfo", "pk": 5, "fields": {"brand": 5, "dosage_form": "tablet", "instructions": "As prescribed by the doctor.", "unit_price": 55}}, {"model": "medicines.medicinebrandhasdosageformwithinfo", "pk": 6, "fields": {"brand": 6, "dosage_form": "injection", "instructions": "As prescribed by the doctor.", "unit_price": 85}}, {"model": "medicines.medicinebrandhasdosageformwithinfo", "pk": 7, "fields": {"brand": 10, "dosage_form": "tablet", "instructions": "As prescribed by the doctor.", "unit_price": -1}}, {"model": "medicines.medicinebrandhasdosageformwithinfo", "pk": 8, "fields": {"brand": 11, "dosage_form": "tablet", "instructions": "As prescribed by the doctor.", "unit_price": 10}}, {"model": "services.messagebetweenuserorganization", "pk": 1, "fields": {"uuid": "a17bdfc5-4ae1-43be-9915-75be5de21276", "created_at": "2023-10-29T17:52:21.347Z", "user": 4, "organization": 1, "content": "Hello from Doctor.", "from_user": false}}]